global_signal	global_signal_derivative1	global_signal_derivative1_power2	global_signal_power2	csf	csf_derivative1	csf_power2	csf_derivative1_power2	white_matter	white_matter_derivative1	white_matter_power2	white_matter_derivative1_power2	csf_wm	tcompcor	std_dvars	dvars	framewise_displacement	rmsd	t_comp_cor_00	t_comp_cor_01	c_comp_cor_00	c_comp_cor_01	c_comp_cor_02	c_comp_cor_03	w_comp_cor_00	w_comp_cor_01	w_comp_cor_02	w_comp_cor_03	w_comp_cor_04	w_comp_cor_05	w_comp_cor_06	w_comp_cor_07	w_comp_cor_08	w_comp_cor_09	w_comp_cor_10	a_comp_cor_00	a_comp_cor_01	a_comp_cor_02	a_comp_cor_03	a_comp_cor_04	a_comp_cor_05	cosine00	trans_x	trans_x_derivative1	trans_x_power2	trans_x_derivative1_power2	trans_y	trans_y_derivative1	trans_y_power2	trans_y_derivative1_power2	trans_z	trans_z_derivative1	trans_z_power2	trans_z_derivative1_power2	rot_x	rot_x_derivative1	rot_x_power2	rot_x_derivative1_power2	rot_y	rot_y_derivative1	rot_y_derivative1_power2	rot_y_power2	rot_z	rot_z_derivative1	rot_z_power2	rot_z_derivative1_power2	motion_outlier00	motion_outlier01	motion_outlier02	motion_outlier03	motion_outlier04	motion_outlier05	motion_outlier06	motion_outlier07	motion_outlier08	motion_outlier09	motion_outlier10	motion_outlier11	motion_outlier12	motion_outlier13	motion_outlier14	motion_outlier15
62187.07155449666	n/a	n/a	3867231868.524088	104493.79638424017	n/a	10918953482.791042	n/a	60191.6993701358	n/a	3623040673.0648074	n/a	72908.69451802885	58837.98743770349	n/a	n/a	n/a	n/a	-0.1131484139	0.0353334172	-0.1289907828	0.0870918885	0.1607835223	0.0306769722	-0.149743518	0.1244914195	-0.0855514738	0.0628015851	-0.0023649275	0.0245020691	-0.0033188637	-0.0202843838	0.0028740042	-0.0990845178	0.0859823353	-0.1571692441	0.0581104683	0.0918553248	-0.0334906022	0.1308694916	-0.0987717486	0.1490484942	-0.0760857999999999	n/a	0.0057890489616399	n/a	0.0364152	n/a	0.00132606679104	n/a	-1.34434	n/a	1.8072500356000003	n/a	-0.00132949	n/a	1.7675436601e-06	n/a	0.0012767	n/a	n/a	1.62996289e-06	-0.000329782	n/a	1.0875616752400001e-07	n/a	0.0	0.0	0.0	0.0	0.0	0.0	0.0	0.0	0.0	0.0	0.0	0.0	0.0	0.0	0.0	0.0
62473.96540325749	286.89384876083204	82308.08045680317	3902996353.2074137	104157.01196660852	-336.784417631643	10848683141.812231	113423.74395948491	60348.091054836405	156.39168470060395	3641892093.962826	24458.35904349312	72840.14449399039	60972.94986548289	1.097551	30.590164	0.0767517000000001	0.0438182	-0.1507473171	-0.0078657961	-0.1385301465	0.0873477258	0.0811532253	0.111345992	-0.1148321061	0.1181299612	-0.1390195277	0.0379719421	-0.0329766385	-0.0902046628	-0.1034283085	0.0118231884	-0.1125147216	-0.0061124714	-0.1367794287	-0.1153995295	0.1110736392	0.1630137287	-0.0508189445	-0.065537508	-0.0313611807	0.1488669016	-0.0661742	0.0099115999999998	0.00437902474564	9.823981455999792e-05	0.0414403	0.0050250999999999	0.0017172984640899	2.5251630009999972e-05	-1.31269	0.0316500000000001	1.7231550361	0.0010017225	-0.00175049	-0.0004209999999999	3.0642152401e-06	1.7724099999999997e-07	0.00129766	2.095999999999999e-05	4.3932159999999946e-10	1.6839214756e-06	-0.000168442	0.0001613399999999	2.8372707364000006e-08	2.6030595599999993e-08	0.0	0.0	0.0	0.0	0.0	0.0	0.0	0.0	0.0	0.0	0.0	0.0	0.0	0.0	0.0	0.0
62414.57087253656	-59.39453072092874	3527.710279559348	3895578657.2028894	104981.78405823684	824.7720916283142	11021174984.05027	680249.0031289443	60263.59190855305	-84.49914628335682	3631700509.72062	7140.105722616135	73151.86965865384	60664.29382373083	1.066571	29.726713	0.08075555	0.0404847	-0.1286587174	-0.0154223065	-0.1113857757	0.1311569281	0.0118438843	0.1218422669	-0.1354995633	0.1130081917	-0.0777296431	0.0509483661	-0.0226347009	-0.0370732675	0.0868104475	0.0210105595	0.024334731	-0.1067085229	0.0478067717	-0.1423389114	0.0201075256	0.1506809683	0.0084524736	0.0402701539	0.1196799788	0.1485039376	-0.0734521	-0.0072779	0.00539521099441	5.296782841000006e-05	0.0706573	0.029217	0.00499245404329	0.000853633089	-1.31883	-0.00614	1.7393125689	3.769960000000042e-05	-0.00134095	0.0004095399999999	1.7981469025e-06	1.6772301159999993e-07	0.00137917	8.151000000000013e-05	6.643880100000022e-09	1.9021098889000003e-06	0.000102921	0.000271363	1.0592732241e-08	7.3637877769e-08	0.0	0.0	0.0	0.0	0.0	0.0	0.0	0.0	0.0	0.0	0.0	0.0	0.0	0.0	0.0	0.0
62421.35617046507	6.785297928508953	46.04026797862789	3896425706.160058	103635.2366280338	-1346.5474302030343	10740262270.94856	1813189.981786396	60239.6080274182	-23.983881134845436	3628810375.296988	575.2265542903947	72852.87937620192	61223.99305189541	0.8244439999999998	22.978312	0.0745120499999999	0.0372132	-0.1479060633	-0.0175487276	-0.1574361028	0.0409864121	0.1234790431	0.0352853814	-0.1294283902	0.0791195497	-0.136914441	0.053583075	-0.0086615196	0.0634219881	-0.1157395664	0.0662233299	-0.0628443163	-0.040423545	0.0529269286	-0.1432845964	0.0778272587	0.0876037568	-0.0350965899	0.1524083745	0.0636610068	0.1479600444	-0.074828	-0.0013758999999999	0.005599229584	1.8931008099999984e-06	0.0426388	-0.0280185	0.0018180672654399	0.00078503634225	-1.32957	-0.0107399999999999	1.7677563848999998	0.0001153475999999	-0.00117939	0.00016156	1.3909607721e-06	2.6101633600000013e-08	0.00128588	-9.329e-05	8.7030241e-09	1.6534873744000002e-06	-0.000329782	-0.000432703	1.0875616752400001e-07	1.87231886209e-07	0.0	0.0	0.0	0.0	0.0	0.0	0.0	0.0	0.0	0.0	0.0	0.0	0.0	0.0	0.0	0.0
62312.76973385588	-108.58643660919188	11791.014215482046	3882881271.904545	104618.7837310636	983.5471030297922	10945089909.367056	967364.9038782966	60194.11795931941	-45.49006809879211	3623331836.90046	2069.3462956327435	72969.60370432692	59906.95935110716	0.8564	23.868961	0.0811162499999999	0.042761	-0.1345420248	0.0042626171	-0.1382689534	0.0823477239	0.1350576083	0.0042640591	-0.1447931147	0.0776912463	-0.0285740033	0.0914690529	-0.0128588712	0.0032778311	-0.0300783426	0.0325575451	0.116038405	-0.1104454661	0.0826930793	-0.1510538727	0.0410903362	0.0848752955	-0.0138983618	0.1128440826	-0.0596232109	0.1472358847	-0.0677969	0.0070311	0.0045964196496099	4.943636721000017e-05	0.0794312999999999	0.0367924999999999	0.0063093314196899	0.0013536880562499	-1.31588	0.0136899999999999	1.7315401744	0.0001874160999999	-0.00147113	-0.0002917399999999	2.1642234769e-06	8.51122276e-08	0.00129875	1.2869999999999895e-05	1.6563689999999731e-10	1.6867515625e-06	-0.000162339	0.0001674429999999	2.6353950921000003e-08	2.803715824899999e-08	0.0	0.0	0.0	0.0	0.0	0.0	0.0	0.0	0.0	0.0	0.0	0.0	0.0	0.0	0.0	0.0
62305.264475208205	-7.505258647674054	56.32890736848618	3881945981.3256416	105211.95050265704	593.1667715934454	11069554528.573557	351846.8189225907	60148.94060713151	-45.1773521879004	3617895056.160234	2040.9931507095887	72989.43911177885	61070.40951358264	0.927355	25.846567	0.07229364	0.0376393	-0.1378225525	-0.0060877994	-0.1135665685	0.1263066031	0.0075692547	0.1561650693	-0.1646341068	0.0666280675	-0.0802747095	0.0661668409	-0.0220771931	-0.0417406287	-0.0173779665	-0.134492663	-0.0152741499	-0.0202011309	-0.0094398459	-0.1420535613	0.0570285568	0.1934298269	0.0670625024	-0.0597513464	0.0708194595	0.1463323407	-0.0717507	-0.0039538	0.00514816295049	1.5632534440000056e-05	0.0744010999999999	-0.0050301999999999	0.0055355236812099	2.5302912039999987e-05	-1.34669	-0.03081	1.8135739561	0.0009492561	-0.00124553	0.0002256	1.5513449808999998e-06	5.0895360000000035e-08	0.00148563	0.0001868799999999	3.4924134399999986e-08	2.2070964969e-06	7.517379999999998e-05	0.0002375128	5.651100206439997e-09	5.641233016384e-08	0.0	0.0	0.0	0.0	0.0	0.0	0.0	0.0	0.0	0.0	0.0	0.0	0.0	0.0	0.0	0.0
62103.42229120821	-201.8421839999937	40740.26724188732	3856835060.280137	103789.64263761105	-1422.3078650459938	10772289918.843008	2022959.6629716929	60153.15464928129	4.214042149782472	3618402014.260352	17.758151240143278	72845.80663221153	59791.37214860012	0.8853419999999999	24.675608	0.0579446100000001	0.0270851	-0.133645434	0.0253635836	-0.1536324974	0.0762864341	0.0769245287	0.1209477649	-0.1472888571	0.0540344982	-0.1129548799	0.0163092286	-0.0301303493	0.0089490722	-0.0945682569	0.040259032	-0.0264643862	-0.0483833665	-0.0814218573	-0.1538160765	0.0669013621	0.109749286	0.0087464568	0.0997231582	0.084132735	0.1452505133	-0.070049	0.0017017	0.004906862401	2.895782890000001e-06	0.0927044	0.0183033000000001	0.00859410577936	0.00033501079089	-1.3482	-0.0015100000000001	1.81764324	2.2801000000003697e-06	-0.00148912	-0.00024359	2.2174783744e-06	5.9336088100000066e-08	0.00177151	0.00028588	8.172737440000004e-08	3.1382476801e-06	0.000274296	0.0001991222	7.5238295616e-08	3.964965053284e-08	0.0	0.0	0.0	0.0	0.0	0.0	0.0	0.0	0.0	0.0	0.0	0.0	0.0	0.0	0.0	0.0
62078.06190123178	-25.360389976434817	643.1493797568555	3853685769.413164	104165.51298530697	375.8703476959199	10850454095.492155	141278.51827705174	60068.62101681624	-84.53363246504887	3608239230.861898	7145.935017735964	72763.6700420673	59463.42898676846	0.801134	22.328644	0.0515211499999999	0.026265	-0.1379183188	0.0473618574	-0.1438275903	0.0707768599	0.1427883858	0.0430550088	-0.1781699158	0.0335034368	-0.1124191161	0.0947484225	-0.068036599	0.0027475939	0.0450653776	0.0267689964	-0.0075277252	-0.019727686	-0.0384733976	-0.1668308015	0.087599536	0.0820728693	0.0419473639	0.0854911134	-0.0780958182	0.1439917206	-0.0737101	-0.0036611	0.00543317884201	1.3403653210000005e-05	0.0811034	-0.011601	0.00657776149156	0.000134583201	-1.3523	-0.0040999999999999	1.82871529	1.680999999999994e-05	-0.00106814	0.00042098	1.1409230596e-06	1.7722416040000008e-07	0.00168478	-8.672999999999992e-05	7.522092899999986e-09	2.8384836484000003e-06	0.000138825	-0.000135471	1.9272380625e-08	1.8352391841e-08	0.0	0.0	0.0	0.0	0.0	0.0	0.0	0.0	0.0	0.0	0.0	0.0	0.0	0.0	0.0	0.0
62331.09108666245	253.02918543067065	64023.7686797087	3885164916.0538106	104501.67312420683	336.1601388998679	10920599685.758574	113003.63898517848	60183.43169522316	114.81067840691684	3622045450.613592	13181.491876256485	72684.74547596154	59979.52967147762	0.943256	26.289745	0.1518003499999999	0.0936249	-0.1334424894	0.0126958798	-0.125544794	0.1067149406	0.0558566007	0.125169295	-0.1484968279	0.0422304932	-0.096855027	0.0517249806	0.0274842252	-0.0136566367	-0.0608949897	0.0485341842	-0.1177723729	0.0435362849	-0.0468085967	-0.132093582	0.0987365091	0.1399941923	0.0449857786	-0.0887675265	0.0169591902	0.1425574961	-0.0793875	-0.0056773999999999	0.00630237515625	3.223287075999999e-05	0.0609417	-0.0201617	0.00371389079889	0.00040649414689	-1.3099	0.0423999999999999	1.71583801	0.0017977599999999	-0.00243005	-0.00136191	5.9051430025e-06	1.8547988481e-06	0.00189673	0.0002119499999999	4.4922802499999923e-08	3.5975846929e-06	0.00023619	9.7365e-05	5.57857161e-08	9.479943225e-09	0.0	0.0	0.0	0.0	0.0	0.0	0.0	0.0	0.0	0.0	0.0	0.0	0.0	0.0	0.0	0.0
62419.06139735077	87.97031068832439	7738.77556260032	3896139225.726245	104128.6036990403	-373.0694251665409	10842766108.311789	139180.79599409326	60103.53385830289	-79.89783692026685	3612434782.256162	6383.664344537558	72721.16155528846	59929.43797910774	0.889375	24.788013	0.15378655	0.0936266	-0.1427460197	-0.0032280794	-0.1353526081	0.0908989704	0.0613723034	0.1170162442	-0.1852797563	0.0478900794	-0.095560474	0.0784999992	0.0031795487	-0.0662624929	-0.042488905	-0.1091811327	0.0279893577	-0.0127773186	0.1383681874	-0.173238986	0.074733304	0.1271977878	0.0662656523	0.0934271154	0.0285807774	0.1409495873	-0.0818943	-0.0025068	0.00670667637249	6.284046240000017e-06	0.0769598999999999	0.0160181999999999	0.0059228262080099	0.0002565827312399	-1.39063	-0.0807299999999999	1.9338517969	0.0065173328999999	-0.00247457	-4.452000000000015e-05	6.123496684900001e-06	1.982030400000013e-09	0.00294284	0.00104611	1.0943461321000002e-06	8.6603072656e-06	0.000236189	-9.999999999886402e-10	5.5785243721e-08	9.999999999772805e-19	0.0	0.0	0.0	0.0	0.0	0.0	0.0	0.0	0.0	0.0	0.0	0.0	0.0	0.0	0.0	0.0
62655.86515507995	236.8037577291761	56076.019674658346	3925757438.3315616	104393.62740174888	265.0237027085823	10898029442.095173	70237.562997367	60301.14291812262	197.6090598197261	3636227837.2318497	39049.340522836086	72739.19865024039	61059.88359756535	0.913061	25.448174	0.1766439999999999	0.10199	-0.1328887024	-0.0552854828	-0.1278387132	0.0873986038	0.1774385439	-0.0104217602	-0.1328865788	0.1550496822	-0.0968250216	0.0296605372	-0.0372155922	-0.0500895921	0.0280239535	0.0606915574	0.1576939819	0.0280879934	-0.0651683673	-0.134376679	0.1084149521	0.0942442322	-0.0675548868	0.0252973745	-0.1411449993	0.1391699531	-0.0539399	0.0279544	0.00290951281201	0.00078144847936	0.0710638	-0.0058960999999999	0.0050500636704399	3.476399520999887e-05	-1.30431	0.0863199999999999	1.7012245761000002	0.0074511423999999	-0.00239121	8.33600000000002e-05	5.7178852641e-06	6.948889600000034e-09	0.00189673	-0.00104611	1.0943461321000002e-06	3.5975846929e-06	0.000236189	0.0	5.5785243721e-08	0.0	0.0	0.0	0.0	0.0	0.0	0.0	0.0	0.0	0.0	0.0	0.0	0.0	0.0	0.0	0.0	0.0
62557.76628260173	-98.09887247821462	9623.388781497011	3913474122.2686224	104422.16001249208	28.532610743204717	10903987501.6745	814.109875823241	60199.240673642	-101.9022444806178	3623948577.6830735	10384.067430187602	72829.1535576923	61122.06806889769	1.040433	28.998192	0.2020142999999999	0.126104	-0.1470287891	-0.045393048	-0.1423665186	0.0986139357	0.084639274	0.1056853939	-0.1663249425	0.0991389201	-0.1520675109	0.0678027662	-0.0341123354	-0.1397506626	0.0004763452	-0.0611409214	0.1221264922	0.0192301525	-0.1062459438	-0.1497689777	0.1155978536	0.1754440133	0.0185121046	-0.0098535645	-0.0662104129	0.1372207617	-0.0725302	-0.0185903	0.00526062991204	0.00034559925409	0.0686718	-0.0023919999999999	0.00471581611524	5.721663999999959e-06	-1.42767	-0.1233599999999999	2.0382416289	0.0152176895999999	-0.00277039	-0.00037918	7.675060752100001e-06	1.4377747240000016e-07	0.00267099	0.0007742599999999	5.994785475999999e-07	7.134187580099999e-06	0.000236189	0.0	5.5785243721e-08	0.0	0.0	0.0	0.0	0.0	0.0	0.0	0.0	0.0	0.0	0.0	0.0	0.0	0.0	0.0	0.0	0.0
64175.08795208608	1617.3216694843504	2615729.3825836466	4118441913.657984	109827.2614386699	5405.101426177818	12062027355.117949	29215121.427269485	61038.5108824055	839.2702087634971	3725699810.741535	704374.483317924	74854.87341586538	63624.72042833649	2.520348	70.245346	1.10036893	0.870364	-0.0671807896	-0.2284056927	0.1785488754	0.2487851831	0.0081928853	-0.2412050435	0.0978728397	0.1615760506	0.2947822472	-0.008693016	-0.0914776365	-0.0859470259	0.0483688594	0.0469310732	-0.0296862887	0.0202777195	0.1280100824	0.0859316345	-0.2631547538	0.0979874352	-0.1145227963	-0.2291313069	-0.1740681099	0.135104388	-0.0191419	0.0533883	0.00036641233561	0.00285031057689	0.0105606	-0.0581112	0.00011152627236	0.00337691156544	-0.561781	0.865889	0.3155978919609999	0.749763760321	-0.00322529	-0.0004548999999999	1.04024955841e-05	2.0693400999999987e-07	0.0009852	-0.0016857899999999	2.841887924099999e-06	9.7061904e-07	-8.27296e-05	-0.0003189186	6.8441867161600005e-09	1.0170907342596e-07	1.0	0.0	0.0	0.0	0.0	0.0	0.0	0.0	0.0	0.0	0.0	0.0	0.0	0.0	0.0	0.0
64626.8464338851	451.7584817990137	204085.7258773498	4176629279.988967	113287.49289389674	3460.2314552268363	12834056046.184704	11973201.72374123	61630.09756690756	591.5866845020646	3798268926.1065454	349974.8052801453	75819.1718311298	60492.846591705136	2.826314	78.773003	0.7344498149999998	0.645261	0.228109251	-0.359009627	0.4573332854	0.2683880077	0.2754200793	0.0076360635	0.2928019261	0.1414329078	0.0433943448	0.116580332	-0.1179466318	-0.0722114143	-0.1263549226	-0.2753445077	0.0408097503	-0.1508736191	0.0739124357	0.3279069334	-0.1699143931	0.2872476363	0.0321139886	0.0568698006	-0.2428141937	0.1328234104	0.00294339	0.02208529	8.6635446921e-06	0.0004877600343841	-0.0315503	-0.0421109	0.00099542143009	0.00177332789881	0.076657	0.638438	0.005876295649	0.4076030798439999	-0.00374875	-0.0005234599999999	1.40531265625e-05	2.740103715999999e-07	0.000895931	-8.926900000000011e-05	7.968954361000021e-09	8.02692356761e-07	-5.91461e-05	2.35835e-05	3.49826114521e-09	5.561814722500001e-10	0.0	1.0	0.0	0.0	0.0	0.0	0.0	0.0	0.0	0.0	0.0	0.0	0.0	0.0	0.0	0.0
63716.5789533082	-910.2674805768984	828586.8861958141	4059802433.513157	104064.97473578285	-9222.51815811389	10829518966.759125	85054841.17674041	61421.76039598555	-208.3371709220155	3772632650.1418586	43404.3767877891	73843.642125	62508.54008784892	2.727411	76.01644899999998	0.8869524849999998	0.657682	-0.0122854923	-0.2307689728	-0.0787079796	-0.0670250638	-0.0456156184	-0.230355134	0.1853865445	0.2651281196	0.0754403344	-0.3173162399	0.064095612	-0.0180736869	-0.0405478203	-0.1118127001	-0.0075692466	0.0180732646	-0.0438428982	0.0754860621	-0.0309099125	-0.1047439484	-0.4777532837	-0.0613751128	0.0978283207	0.130380608	-0.0627425	-0.06568589	0.00393662130625	0.0043146361450921	0.0160124	0.0475627	0.00025639695376	0.00226221043129	-0.555704	-0.632361	0.308806935616	0.3998804343209999	-0.00213616	0.00161259	4.563179545599999e-06	2.600446508100001e-06	0.00143901	0.0005430789999999	2.949348002409999e-07	2.0707497800999995e-06	-0.000730335	-0.0006711889	5.33389212225e-07	4.504945394832101e-07	0.0	0.0	1.0	0.0	0.0	0.0	0.0	0.0	0.0	0.0	0.0	0.0	0.0	0.0	0.0	0.0
63333.97168578081	-382.6072675273899	146388.32116477573	4011191969.495285	104161.74480984296	96.77007406011398	10849669081.830849	9364.447233599944	61058.05046110626	-363.7099348792908	3728085526.110998	132284.91672989796	73335.2885516827	64287.30873281217	1.413683	39.401173	0.1443436	0.0769138999999999	-0.0655169281	-0.1942614592	-0.0581648918	-0.1536675587	0.0002785786	-0.2524678891	0.0963418866	0.1328714356	0.0277939893	-0.2805595035	0.0376007688	-0.0251507885	-0.0525397896	-0.1466336818	-0.0367442938	0.0570964581	-0.1545461839	0.0664356742	0.0766228393	-0.1065814381	-0.3028843372	-0.0915616058	-0.0503295075	0.1277789568	-0.0629359	-0.0001933999999999	0.00396092750881	3.740355999999859e-08	0.0473918	0.0313794	0.0022459827072399	0.00098466674436	-0.513215	0.042489	0.263389636225	0.001805315121	-0.0030808	-0.00094464	9.49132864e-06	8.923447296000001e-07	0.00102466	-0.0004143499999999	1.716859225e-07	1.0499281156e-06	-0.000776981	-4.6646000000000014e-05	6.036994743610001e-07	2.175849316000001e-09	0.0	0.0	0.0	0.0	0.0	0.0	0.0	0.0	0.0	0.0	0.0	0.0	0.0	0.0	0.0	0.0
62708.39327863696	-625.5784071438466	391348.34348463226	3932342587.5882015	104751.30298471208	589.5581748691184	10972835476.99495	347578.841555006	60793.66663109514	-264.3838300111165	3695869902.45273	69898.80957134695	73558.5879326923	59745.67187301935	1.535459	42.795219	0.0979664949999999	0.0542935	-0.0135070596	-0.0852920753	-0.0760054994	-0.0661747452	-0.1616455692	-0.1856477067	0.033562884	0.0584644953	0.0835358373	-0.2225044471	0.0691979374	0.0576439953	-0.0059846853	0.0998818853	-0.1486284659	0.0628731515	0.0083354204	0.0052177942	-0.0364149439	-0.1102296346	-0.1973855333	-0.1791783023	0.0652527801	0.1250216267	-0.0747629999999999	-0.0118270999999998	0.0055895061689999	0.0001398802944099	0.0721153999999999	0.0247235999999999	0.0052006309171599	0.0006112563969599	-0.508536	0.0046789999999999	0.2586088632959999	2.1893040999999896e-05	-0.00329048	-0.00020968	1.08272586304e-05	4.396570240000012e-08	9.96041e-05	-0.0009250558999999	8.557284181248099e-07	9.92097673681e-09	-0.000776981	0.0	6.036994743610001e-07	0.0	0.0	0.0	0.0	1.0	0.0	0.0	0.0	0.0	0.0	0.0	0.0	0.0	0.0	0.0	0.0	0.0
62784.53436713015	76.14108849319018	5797.465356927818	3941897755.697347	106305.3153825944	1554.0123978823249	11300820078.592863	2414954.5327719734	60649.573724884845	-144.09290621029504	3678370793.0102425	20762.765620128885	73934.774546875	61647.64191200263	1.273605	35.497013	0.100071005	0.0514588	-0.0101775012	-0.0981675292	0.0194277807	0.0163727288	-0.1506279309	-0.0230613087	0.0037114076	-0.0422761844	0.1747033232	-0.0898362775	-0.0488084737	0.0443728467	0.0771902562	-0.1419012602	0.0812325505	0.0964896304	-0.0926149709	0.0091657803	-0.1063204695	-0.0636096969	-0.0004707157	-0.1404203802	0.1246413785	0.122111977	-0.0719384	0.0028245999999998	0.00517513339456	7.978365159999432e-06	0.0493127	-0.0228026999999998	0.00243174238129	0.0005199631272899	-0.464896	0.04364	0.216128290816	0.0019044496	-0.00285619	0.0004342899999999	8.157821316100001e-06	1.8860780409999996e-07	9.96042e-05	1.0000000000699551e-10	1.0000000001399106e-20	9.92099665764e-09	-0.000595197	0.000181784	3.54259468809e-07	3.3045422656000016e-08	0.0	0.0	0.0	0.0	0.0	0.0	0.0	0.0	0.0	0.0	0.0	0.0	0.0	0.0	0.0	0.0
62929.7506623245	145.21629519434646	21087.77238997157	3960153518.422331	109395.40660691624	3090.0912243218336	11967354986.692532	9548663.77463081	61241.395288179	591.8215632941574	3750508496.842993	350252.7627799403	74687.46967367789	57305.10524566677	2.242929	62.513302	0.66643236	0.507863	0.2115363051	-0.0917862068	0.2818296348	-0.0076484042	0.1225309639	0.0060458148	0.2067941984	-0.0654443702	0.0965152155	0.1715413219	-0.1565877219	-0.0236489077	-0.1237684944	-0.0104232489	0.0930532188	0.0343040655	-0.1271239309	0.2320065793	-0.06796285	0.0625544119	0.1189669538	0.0707050281	-0.0957633027	0.1190535526	-0.0158853	0.0560530999999999	0.00025234275609	0.0031419500196099	0.0139176	-0.0353951	0.00019369958976	0.00125281310401	0.0447907	0.5096866999999999	0.00200620680649	0.2597805321568899	-0.00221656	0.00063963	4.913138233599999e-06	4.091265369000005e-07	-0.000385174	-0.0004847782	2.3500990319524e-07	1.4835901027600004e-07	-0.000413656	0.000181541	1.71111286336e-07	3.2957134681000016e-08	0.0	0.0	0.0	0.0	1.0	0.0	0.0	0.0	0.0	0.0	0.0	0.0	0.0	0.0	0.0	0.0
62571.6478652709	-358.10279705360153	128237.61325761292	3915211116.57546	106920.97352003687	-2474.4330868793622	11432094578.472427	6122819.10144333	61273.148025532086	31.75273735308292	3754398668.9587674	1008.2363294138672	74129.49711027644	54197.79707431549	1.304213	36.350082	0.26179534	0.136977	0.262721805	-0.0041332741	0.1820339125	-0.1934749644	0.0824593273	0.0437864229	0.2119638563	0.0156483769	-0.0972956361	-0.0038699128	-0.1248512228	0.1556373582	0.042385764	0.0533955849	-0.15309147	-0.0494246208	0.1707270191	0.2142982613	0.0721778333	-0.0002796748	-0.0301919646	0.1540118808	-0.0394214755	0.1158500799	-0.00553832	0.01034698	3.06729884224e-05	0.0001070599951204	-0.0315851	-0.0455027	0.0009976185420099	0.00207049570729	0.0922989	0.0475082	0.00851908694121	0.00225702906724	0.000262716	0.002479276	6.9019696656e-08	6.146809484175999e-06	9.96042e-05	0.0004847782	2.3500990319524e-07	9.92099665764e-09	-0.000208961	0.000204695	4.3664699521e-08	4.1900043025e-08	0.0	0.0	0.0	0.0	0.0	0.0	0.0	0.0	0.0	0.0	0.0	0.0	0.0	0.0	0.0	0.0
62135.83734352069	-435.81052175020886	189930.8108681893	3860862282.38046	105808.28781577174	-1112.685704265139	11195393770.50519	1238069.4764760083	61157.749349785576	-115.39867574650998	3740270305.531198	13316.854364048151	74012.24358233174	54400.0164556202	1.253489	34.936363	0.10509185	0.0639476	0.2239354517	0.0378460522	0.1146124509	-0.1656344715	-0.1483445963	0.1734758405	0.1770053674	-0.0428269963	0.0119345638	0.0571951169	-0.1889575435	0.0199185852	-0.1358019164	0.0530596728	-0.1391717375	-0.0313617794	-0.0619085534	0.1879821746	0.0439126457	0.0268481207	0.0660201446	-0.0064891514	0.1412789834	0.1125054616	0.00138942	0.00692774	1.9304879364e-06	4.79935815076e-05	-0.00582636	0.02575874	3.39464708496e-05	0.0006635126863876	0.0330618	-0.0592371	0.00109308261924	0.00350903401641	8.23266e-05	-0.0001803894	6.77766906756e-09	3.2540335632360014e-08	9.96042e-05	0.0	0.0	9.92099665764e-09	-0.000125985	8.297599999999999e-05	1.5872220225e-08	6.8850165759999985e-09	0.0	0.0	0.0	0.0	0.0	0.0	0.0	0.0	0.0	0.0	0.0	0.0	0.0	0.0	0.0	0.0
62336.09618141569	200.25883789500224	40103.602155056775	3885788887.138708	105634.75680123732	-173.53101453441195	11158701844.456554	30113.01300534229	61070.9400586682	-86.8092911173735	3729659719.6494446	7535.853024300903	73889.80628485577	56027.19085875787	1.325073	36.931499	0.4046726699999999	0.292833	0.1500136087	0.0611601009	0.0880608619	-0.1461567986	0.0110214931	-0.0098701662	0.1320174279	0.0153090944	-0.0513899702	-0.0800975155	-0.1288388226	0.2552109014	0.1135605622	-0.0279783523	0.3077637767	0.2901549017	0.0183137005	0.1297563464	0.0314398663	-0.0661667146	-0.0442194083	0.0919080413	-0.0169432547	0.1090237728	-0.00537086	-0.00676028	2.88461371396e-05	4.570138567839999e-05	-0.0152697	-0.00944334	0.00023316373809	8.917667035560002e-05	-0.234636	-0.2676978	0.055054052496	0.0716621121248399	0.00168448	0.0016021534	2.8374728704e-06	2.56689551713156e-06	0.000760321	0.0006607168	4.365466898022401e-07	5.78088023041e-07	2.65698e-05	0.0001525548	7.0595427204e-10	2.327296700304e-08	0.0	0.0	0.0	0.0	0.0	0.0	0.0	0.0	0.0	0.0	0.0	0.0	0.0	0.0	0.0	0.0
62611.03564802715	274.9394666114604	75591.71030059434	3920141784.918527	109929.41719295288	4294.660391715559	12084476764.382284	18444107.88017044	60252.410913179	-818.5291454891994	3630353020.850572	669989.962015279	75175.00865504808	60373.34527371583	2.739025	76.340134	0.8311639200000002	0.64448	-0.1348842391	0.1478407965	0.1042280112	0.3480764723	-0.2208412787	-0.1387464299	-0.1314366763	0.0984491656	0.3447798461	0.1180872017	-0.0998138156	0.2426269013	0.002229208	0.0085248271	-0.0004965993	0.1072186252	0.267732678	-0.153044617	-0.5011661642	-0.0045566514	0.068828726	0.0762681178	-0.1107996109	0.1054092553	-0.0350621	-0.02969124	0.00122935085641	0.0008815697327376	0.0323253	0.047595	0.00104492502009	0.0022652840249999	-0.8875199999999999	-0.6528839999999998	0.7876917503999997	0.4262575174559997	-5.48008e-05	-0.0017392808	3.0031276806399997e-09	3.02509770124864e-06	0.000919599	0.000159278	2.5369481284e-08	8.45662320801e-07	-9.4745e-05	-0.0001213148	8.976615025e-09	1.471728069904e-08	0.0	0.0	0.0	0.0	0.0	1.0	0.0	0.0	0.0	0.0	0.0	0.0	0.0	0.0	0.0	0.0
61516.22562324077	-1094.810024786384	1198608.9903727628	3784246014.929464	100934.03887660612	-8995.37831634676	10187680203.944237	80916831.05420147	60043.18903371188	-209.22187946712077	3605184549.338059	43773.7948477544	72148.35720072115	57419.52692124703	1.941942	54.124424	0.59323539	0.388983	-0.1171290615	0.1791803026	-0.2443730331	-0.1000789934	0.012333259	0.1329594963	-0.1981052529	-0.0600611307	-0.082789586	-0.058911794	-0.0301949606	0.0923548442	0.0058259939	0.1856347216	0.0583667099	0.2810471571	0.0354192648	-0.2002611838	0.1332307454	-0.072394153	0.0356080408	0.0844696102	0.0358540197	0.1016663129	-0.0409929	-0.0059308	0.0016804178504099	3.517438864e-05	0.12106	0.0887347	0.0146555236	0.00787384698409	-1.14169	-0.2541700000000002	1.3034560561	0.0646023889000001	0.00445533	0.0045101308	1.9849965408900004e-05	2.0341279833108644e-05	0.000999152	7.95529999999999e-05	6.328679808999983e-09	9.98304719104e-07	-0.000393059	-0.000298314	1.5449537748100005e-07	8.899124259600004e-08	0.0	0.0	0.0	0.0	0.0	0.0	1.0	0.0	0.0	0.0	0.0	0.0	0.0	0.0	0.0	0.0
62051.51628118061	535.2906579398405	286536.0884776673	3850390672.793622	104680.85491106837	3746.8160344622447	10958081384.912146	14038630.39610338	60716.04266846013	672.8536347482514	3686437837.318272	452732.01379393326	73138.919515625	57010.90678154272	1.943059	54.155552	0.8336489500000002	0.643398	-0.0371327182	0.1570122086	-0.0286984953	-0.0795388464	-0.0237036647	-0.0545150095	0.0138454912	-0.0677151579	0.1402609945	-0.0763500435	0.0820104903	0.0012314987	0.0929485647	0.1092878434	0.1061084709	0.1441713158	0.0146442593	0.0050890064	0.0060487539	-0.1180567253	-0.0185939679	-0.1516556476	-0.0266788661	0.0977995057	0.0034339	0.0444268	1.179166921e-05	0.00197374055824	0.0999909	-0.0210691	0.0099981800828099	0.00044390697481	-0.534344	0.607346	0.285523510336	0.368869163716	0.0019217	-0.00253363	3.69293089e-06	6.4192809769000014e-06	0.000389195	-0.000609957	3.7204754184900005e-07	1.51472748025e-07	-0.000465613	-7.255399999999996e-05	2.16795465769e-07	5.264082915999993e-09	0.0	0.0	0.0	0.0	0.0	0.0	0.0	1.0	0.0	0.0	0.0	0.0	0.0	0.0	0.0	0.0
62586.22623956229	534.7099583816816	285914.7395925397	3917035714.909675	108901.7473677427	4220.892456674337	11859590579.747656	17815933.13081032	61343.86224636674	627.8195779066082	3763069435.301219	394157.42240283167	74705.44334675481	53577.87454799584	2.724129	75.924965	0.854362805	0.626708	0.2645641275	0.0326667599	0.2879141447	-0.0272892995	0.1377450449	0.0842057252	0.232330974	-0.0342095658	0.0874546405	0.1924532261	-0.1014064346	0.0098042521	-0.0214278127	0.0618732004	-0.018017608	0.0086048054	-0.0900365136	0.2510727553	-0.0709197946	0.0732409492	0.1046420036	0.045311057	-0.1201654733	0.0938135449	0.0326569	0.029223	0.00106647311761	0.000853983729	0.0169175	-0.0830733999999999	0.0002862018062499	0.0069011897875599	0.0589934	0.5933374	0.00348022124356	0.35204927023876	-0.000126318	-0.002048018	1.5956237124e-08	4.194377728324e-06	-0.000167539	-0.000556734	3.0995274675600004e-07	2.8069316521e-08	-9.57849e-05	0.0003698281	9.17474706801e-09	1.3677282354961e-07	0.0	0.0	0.0	0.0	0.0	0.0	0.0	0.0	1.0	0.0	0.0	0.0	0.0	0.0	0.0	0.0
62213.02719923747	-373.1990403248201	139277.5236993667	3870460753.293061	104957.20089427348	-3944.546473469221	11016014019.560884	15559446.88135847	61313.20008239358	-30.662163973160204	3759308504.343629	940.1682995169635	73753.23522536058	52426.54523419153	1.298061	36.178642	0.169802884	0.0762570999999999	0.228942513	0.0786629138	0.06971427	-0.2288402486	-0.0911665484	0.0772500904	0.2158556652	-0.0442627645	-0.1508383518	0.0459274425	0.0689080349	0.0306400078	0.0802201704	0.0091368923	-0.0818285477	-0.0052598589	0.1302806832	0.1933409756	0.1036615949	-0.0425588622	-0.0453923109	0.076963622	0.1014744614	0.0897132868	-0.00141333	-0.03407023	1.9975016889e-06	0.0011607805722529	0.000648441	-0.016269059	4.2047573048100003e-07	0.0002646822807454	0.0114601	-0.0475333	0.00013133389201	0.00225941460889	0.000528631	0.0006549489999999	2.79450734161e-07	4.289581926009999e-07	0.000199761	0.0003673	1.3490929e-07	3.9904457121e-08	0.000320572	0.0004163569	1.02766407184e-07	1.7335306817760998e-07	0.0	0.0	0.0	0.0	0.0	0.0	0.0	0.0	0.0	0.0	0.0	0.0	0.0	0.0	0.0	0.0
62069.05392913397	-143.97327010350273	20728.302504296156	3852567455.6577406	106016.9784809248	1059.7775866513111	11239599726.22487	1123128.5331684772	61234.92555293044	-78.2745294631386	3749716107.472934	6126.901962675754	74161.04533653846	54941.61176136515	1.164062	32.443916	0.103434639	0.0556779	0.1949096354	0.0543551071	0.1189236819	-0.126422253	-0.1760586953	0.1393105309	0.194202988	-0.0888286226	-0.1819360262	0.0686412058	0.1552542129	0.0638218475	-0.0567938907	0.1107519672	-0.0526308174	-0.0228715052	-0.0460960614	0.1763615354	0.016602766	-0.0187137629	0.0351505039	0.103182879	0.2331365267	0.0855037268	0.018859	0.02027233	0.000355661881	0.0004109673636289	0.0349081	0.034259659	0.0012185754456099	0.0011737242347962	-0.0279698	-0.0394299	0.00078230971204	0.00155471701401	0.000432854	-9.5777e-05	1.87362585316e-07	9.173233729000005e-09	0.000199761	0.0	0.0	3.9904457121e-08	0.00041425	9.367800000000003e-05	1.7160306250000005e-07	8.775567684000006e-09	0.0	0.0	0.0	0.0	0.0	0.0	0.0	0.0	0.0	0.0	0.0	0.0	0.0	0.0	0.0	0.0
61811.29300059869	-257.7609285352737	66440.69627936647	3820635942.405861	105541.28658639356	-475.69189453123545	11138963174.311256	226282.778522716	60982.47175041693	-252.4538025135116	3718861860.790399	63732.92240353113	73805.67973557692	53000.570999992495	0.977864	27.254322	0.069918805	0.0316445	0.1981382847	0.1153771002	0.0976367275	-0.1918462159	0.0237876225	0.0695861614	0.1320016207	-0.187529652	-0.1226535116	0.1072567807	0.085132979	0.0105504979	0.0323627544	-0.033342927	0.1174826291	0.0290781934	0.0062397421	0.1398182369	0.0676924319	-0.1383469784	0.1016758234	0.1880092957	0.0276799854	0.0811899937	0.0221714	0.0033124	0.00049157097796	1.097199376e-05	0.0549819	0.0200738	0.00302300932761	0.00040295744644	-0.012831	0.0151387999999999	0.000164634561	0.0002291832654399	0.000756946	0.000324092	5.72967246916e-07	1.05035624464e-07	2.94709e-05	-0.0001702900999999	2.8998718158009996e-08	8.6853394681e-10	0.000280756	-0.000133494	7.882393153600002e-08	1.7820648036e-08	0.0	0.0	0.0	0.0	0.0	0.0	0.0	0.0	0.0	0.0	0.0	0.0	0.0	0.0	0.0	0.0
61895.45847950028	84.16547890158836	7083.827838733715	3831047780.387543	105461.97241087008	-79.31417552348285	11122227624.79112	6290.738438969845	60887.32409466328	-95.14765575365163	3707266235.408564	9053.076395415395	73803.44686117789	52977.15540384737	0.853844	23.797735	0.049902705	0.0244136	0.2077077897	0.1131879757	0.1038747542	-0.1700645581	-0.1355845223	0.1479017338	0.10273697	-0.2391657151	-0.146852197	0.0657293243	0.123471036	0.0109187459	-0.0118017318	0.0640373048	0.0667794169	-0.0876724115	0.1917881126	0.1287507333	0.0556797097	-0.0960562324	0.1762864768	0.1199751702	0.1671871711	0.0767773431	0.0368306	0.0146591999999999	0.00135649309636	0.0002148921446399	0.0525593	-0.0024225999999999	0.00276248001649	5.868990759999985e-06	-0.010038	0.002793	0.000100761444	7.800849000000002e-06	0.000432854	-0.000324092	1.87362585316e-07	1.05035624464e-07	0.000199761	0.0001702900999999	2.8998718158009996e-08	3.9904457121e-08	0.00017458	-0.000106176	3.04781764e-08	1.1273342976000001e-08	0.0	0.0	0.0	0.0	0.0	0.0	0.0	0.0	0.0	0.0	0.0	0.0	0.0	0.0	0.0	0.0
61761.151087291946	-134.30739220833493	18038.475601803508	3814439783.627303	105521.66918821384	59.69677734376455	11134822668.266838	3563.705225231001	60701.507167249045	-185.81692741423467	3684672972.375587	34527.93051366696	73635.17668149038	52744.64445223266	0.8126489999999998	22.64958	0.07279945	0.0472718	0.2091706869	0.1190024078	0.1095043372	-0.1455310336	0.0020713408	0.1243205057	0.057466469	-0.2900540678	-0.0912498865	0.1094820463	-0.0097409232	-0.0498954857	0.1729631675	-0.0788579369	0.0710697024	0.0110890431	0.0298099901	0.1089821163	0.0827060915	-0.1068736785	0.2548760447	0.0977411986	-0.0531982764	0.0722711511	0.0431889	0.0063583	0.00186528108321	4.0427978890000055e-05	0.0525572	-2.100000000004876e-06	0.0027622592718399	4.4100000000204776e-12	0.0154018	0.0254398	0.00023721544324	0.0006471834240399	-0.000236918	-0.000669772	5.6130138724e-08	4.48594531984e-07	0.000291918	9.215700000000002e-05	8.492912649000003e-09	8.5216118724e-08	0.000116524	-5.8056e-05	1.3577842576e-08	3.370499136e-09	0.0	0.0	0.0	0.0	0.0	0.0	0.0	0.0	0.0	0.0	0.0	0.0	0.0	0.0	0.0	0.0
61859.16750315175	98.01641585980542	9607.217778002316	3826556604.182986	105779.1304603228	257.4612721089652	11189224440.941992	66286.30663596663	60914.09473276683	212.58756551778788	3710526937.112492	45193.47301277975	73594.13316466346	53192.43033861117	1.084134	30.216213	0.2605165	0.185306	0.1810157221	0.1417609084	0.1175485436	-0.1486753014	-0.1368103516	0.096295044	0.1113553729	-0.2595012947	-0.0673857022	0.0860832907	0.0375540189	-0.0202140778	-0.1953932641	0.0669745408	0.041283904	0.2463836295	0.0087990986	0.1337825492	0.0631689085	-0.0948308571	0.1917191548	0.0605441798	0.1011267029	0.0676769079	0.0247522	-0.0184367	0.0006126714048399	0.00033991190689	0.0434075	-0.0091496999999999	0.00188421105625	8.371701008999995e-05	-0.159689	-0.1750908	0.025500576721	0.0306567882446399	0.000459034	0.000695952	2.10712213156e-07	4.84349186304e-07	0.000740207	0.000448289	2.00963027521e-07	5.47906402849e-07	0.000103979	-1.2544999999999996e-05	1.0811632441000001e-08	1.5737702499999988e-10	0.0	0.0	0.0	0.0	0.0	0.0	0.0	0.0	0.0	0.0	0.0	0.0	0.0	0.0	0.0	0.0
62237.914743249865	378.74724009811325	143449.47188193785	3873558031.588039	107459.5126754838	1680.382215160993	11547546864.452463	2823684.389029365	60470.31810127462	-443.7766314922119	3656659371.269341	196937.69865857443	74905.23497475962	57487.55191876601	2.477979	69.064453	0.7298763400000001	0.536446	-0.0766808215	0.2053287673	0.0604850527	0.2110631399	-0.235631903	-0.0971989468	-0.0662350158	-0.0064394637	0.2682776529	0.0960126292	0.1268679824	0.2340695321	0.0724982478	-0.0291049921	-0.0788022266	0.1578334225	0.1283517113	-0.1034908172	-0.4312501909	-0.1314568385	0.0729408961	0.1045561959	-0.1588492501	0.0630002108	-0.00153209	-0.02628429	2.3472997681e-06	0.000690863900804	0.0666483	0.0232407999999999	0.00444199589289	0.0005401347846399	-0.702179	-0.54249	0.493055348041	0.2942954001	-0.00193141	-0.002390444	3.7303445881e-06	5.714222517135999e-06	0.00059298	-0.000147227	2.1675789529e-08	3.516252804e-07	-0.000115575	-0.000219554	1.3357580625e-08	4.8203958916000004e-08	0.0	0.0	0.0	0.0	0.0	0.0	0.0	0.0	0.0	1.0	0.0	0.0	0.0	0.0	0.0	0.0
61799.75237166275	-438.1623715871174	191986.26387484712	3819209393.1988354	103574.27011371747	-3885.242561766325	10727629429.589308	15095109.763760554	60849.19751131671	378.8794100420855	3702624837.771231	143549.60735383877	73139.87500300481	54992.92791867928	1.60079	44.616074	0.32560387	0.266411	-0.0234437114	0.1999433635	-0.0639429096	-0.1273471095	-0.1063865007	0.0764131797	0.0398530114	-0.0278862312	0.0948097142	-0.1230364548	0.0721235437	0.1318845583	-0.0545940789	0.1006421575	0.0062875448	-0.0037099271	-0.1727780092	0.0273571103	0.0331240947	-0.1021930338	-0.0552372819	-0.1529364483	0.1445487525	0.0582467576	0.00972553	0.01125762	9.45859337809e-05	0.0001267340080644	0.0724768999999999	0.0058285999999999	0.0052529010336099	3.3972577959998903e-05	-0.446358	0.255821	0.1992354641639999	0.065444384041	-0.00263776	-0.0007063499999999	6.957777817599999e-06	4.989303224999998e-07	0.000848783	0.000255803	6.543517480899999e-08	7.20432581089e-07	-0.000207355	-9.178e-05	4.2996096025e-08	8.423568399999998e-09	0.0	0.0	0.0	0.0	0.0	0.0	0.0	0.0	0.0	0.0	1.0	0.0	0.0	0.0	0.0	0.0
62084.39760105032	284.64522938757	81022.90661310234	3854472425.4853024	103810.0471402086	235.77702649112325	10776525887.25233	55590.80622099584	60629.50237501985	-219.6951362968539	3675936558.242538	48265.95291249321	73235.54419711538	54791.5853753094	1.070614	29.839401	0.07724919	0.0417525	0.0065253159	0.1515129694	-0.0743568124	-0.1067375627	-0.0541182057	-0.0515540129	-0.0132362562	-0.0474430903	0.0176622911	-0.0724115691	0.08423634	0.0336548582	-0.0135423615	0.1048683106	0.0020376247	-0.1224026297	0.0471767933	-0.0314470167	-0.0030849272	-0.158315943	-0.045250118	-0.0002174214	0.0756255752	0.0534223397	0.00496434	-0.0047611899999999	2.4644671635600004e-05	2.2668930216099997e-05	0.0998711	0.0273942000000001	0.00997423661521	0.00075044219364	-0.471487	-0.025129	0.2222999911689999	0.000631466641	-0.00239808	0.0002396799999999	5.7507876864e-06	5.744650239999997e-08	0.00100506	0.0001562769999999	2.4422500728999974e-08	1.0101456035999998e-06	-0.000204016	3.338999999999989e-06	4.1622528256e-08	1.114892099999993e-11	0.0	0.0	0.0	0.0	0.0	0.0	0.0	0.0	0.0	0.0	0.0	0.0	0.0	0.0	0.0	0.0
62435.02938791468	350.63178686436004	122942.649959694	3898132894.669769	104321.79812668543	511.75098647683626	10883037564.384909	261889.07216001503	60805.56755032957	176.06517530971905	3697317045.117693	30998.945956842104	73375.83538942308	57717.78870848567	1.051105	29.295647	0.0844873899999999	0.0438339	-0.0073657	0.0494801741	-0.0394595662	-0.0898732934	0.008179597	-0.076880707	0.0279211868	-0.022997216	0.06280697	-0.099785758	0.1295675028	-0.0393424471	0.0323323789	-0.0013613287	-0.0828542769	-0.1446002341	-0.1034825834	0.0143775918	0.0207686693	-0.1192181558	-0.0746707936	-0.0395871009	0.0284198027	0.048532835	0.0132453	0.00828096	0.00017543797209	6.85742985216e-05	0.125242	0.0253708999999999	0.0156855585639999	0.0006436825668099	-0.439056	0.0324309999999999	0.192770171136	0.0010517697609999	-0.00254905	-0.00015097	6.497655902500001e-06	2.2791940900000082e-08	0.000932237	-7.282299999999985e-05	5.303189328999979e-09	8.690658241690001e-07	-5.97184e-05	0.0001442976	3.56628729856e-09	2.082179736576e-08	0.0	0.0	0.0	0.0	0.0	0.0	0.0	0.0	0.0	0.0	0.0	0.0	0.0	0.0	0.0	0.0
62176.274209589	-258.75517832567857	66954.24231035371	3865889074.586002	105852.258774191	1530.4606475055623	11204700687.598295	2342309.7935631457	60737.12374920584	-68.44380112372892	3688998201.326345	4684.553912264556	73711.35691706731	56424.76290202935	1.087682	30.315096	0.12529115	0.0665845	0.0213060244	0.072705178	0.0207168428	7.03923e-05	-0.0759125789	-0.0308289299	0.0198145508	-0.0432730715	0.0952872829	0.0093111857	0.0503394322	0.0047836143	0.3030109444	-0.0140935018	-0.0358589164	-0.132714338	-0.1039296213	0.0249062715	-0.049422072	-0.0432243238	0.0197814764	-0.114213189	-0.0024714301	0.0435842004	0.0083275499999999	-0.00491775	6.934808900249835e-05	2.418426506250097e-05	0.153176	0.027934	0.023462886976	0.000780308356	-0.380395	0.058661	0.1447003560249999	0.003441112921	-0.0020765	0.00047255	4.311852249999999e-06	2.233035025000004e-07	0.000729219	-0.000203018	4.1216308324e-08	5.31760349961e-07	-5.97184e-05	0.0	3.56628729856e-09	0.0	0.0	0.0	0.0	0.0	0.0	0.0	0.0	0.0	0.0	0.0	0.0	0.0	0.0	0.0	0.0	0.0
62200.49884745551	24.22463786650769	586.8330797634384	3868902056.872314	105410.31654257218	-441.9422316188138	11111334833.605268	195312.93608821728	60645.56865966487	-91.55508954097604	3677884998.054125	8382.334420856141	73657.11468088943	56715.223961495416	1.078535	30.060156	0.0328785949999999	0.0150659	0.019638025	0.0778757786	0.0114374716	-0.024347034	-0.1243187195	0.0716529377	-0.0072096882	-0.0932160164	0.0378586948	-0.1021954772	0.0485816997	0.0913725915	0.1056735856	-0.0945143071	0.1168037578	-0.0170806275	-0.2051880323	0.0034296814	-0.037821391	-0.0927988356	0.0465480734	-0.0795601478	0.1388465743	0.0385824652	0.00782298	-0.0005045699999999	6.11990160804e-05	2.545908848998996e-07	0.142539	-0.010637	0.020317366521	0.000113145769	-0.374243	0.0061519999999999	0.140057823049	3.784710399999989e-05	-0.00193492	0.0001415799999999	3.7439154064e-06	2.0044896399999965e-08	0.000825162	9.594300000000004e-05	9.205059249000003e-09	6.80892326244e-07	1.44591e-05	7.41775e-05	2.0906557281e-10	5.50230150625e-09	0.0	0.0	0.0	0.0	0.0	0.0	0.0	0.0	0.0	0.0	0.0	0.0	0.0	0.0	0.0	0.0
62160.20924504152	-40.28960241398454	1623.2520626769488	3863891613.387345	105292.12426138166	-118.19228119052424	11086431431.474236	13969.415333019948	60436.82102972125	-208.74762994361663	3652609336.178557	43575.57300707711	73283.25230048077	55879.261212538695	0.954071	26.591187	0.046795975	0.023923	0.0226746726	0.091372406	0.0122799138	-0.0740851307	0.0345235254	-0.0694441181	-0.0615195707	-0.1520498899	0.038679884	-0.0870393001	-0.0243876376	0.0391437032	0.1269625242	-0.0316010217	0.010877819	-0.1141832831	0.0151595326	-0.0231006065	0.0232555747	-0.1619985095	0.0953501888	-0.0581641951	-0.1330152728	0.0335337233	0.0296279	0.02180492	0.0008778124584099	0.0004754545362063	0.146069	0.00353	0.021336152761	1.246090000000004e-05	-0.381103	-0.00686	0.145239496609	4.7059600000000446e-05	-0.002075	-0.00014008	4.305625e-06	1.9622406400000032e-08	0.000825162	0.0	0.0	6.80892326244e-07	-0.000137482	-0.0001519411	1.8901300324e-08	2.3086097869210004e-08	0.0	0.0	0.0	0.0	0.0	0.0	0.0	0.0	0.0	0.0	0.0	0.0	0.0	0.0	0.0	0.0
62454.23965586071	294.0304108191849	86453.88248649865	3900532050.991684	104858.92036058455	-433.2039007971034	10995393179.187414	187665.6196658266	60556.681973177416	119.86094345616584	3667111731.600551	14366.645766202186	73299.70294711538	57526.04404841032	1.064208	29.660843	0.067379455	0.0340548	0.0080779761	0.0206653276	-0.0163450234	-0.0614879718	-0.1735158867	0.0300753666	-0.0290793628	-0.1664973101	0.0665147365	-0.0283886799	-0.0959291524	0.0150870094	-0.1468277321	0.1263365574	-0.1037734997	-0.0659496146	-0.1600598584	0.0057681131	0.0286547862	-0.0820581699	0.1381482405	-0.1771683868	0.0722386657	0.0284441256	0.010381	-0.0192468999999999	0.0001077651609999	0.0003704431596099	0.142811	-0.003258	0.020394981721	1.0614564000000073e-05	-0.375824	0.005279	0.141243678976	2.786784100000036e-05	-0.00253493	-0.0004599299999999	6.425870104899999e-06	2.115356048999999e-07	0.000993813	0.000168651	2.8443159801000012e-08	9.87664278969e-07	2.58481e-05	0.0001633301	6.6812427361e-10	2.667672156601e-08	0.0	0.0	0.0	0.0	0.0	0.0	0.0	0.0	0.0	0.0	0.0	0.0	0.0	0.0	0.0	0.0
62531.91187885056	77.67222298985143	6032.9742241852055	3910240003.2243314	104743.77001705268	-115.15034353187366	10971257357.385223	13259.601615508518	60770.53950673046	213.8575335530477	3693058471.939088	45735.04465739292	73429.32306971154	57662.37223397637	0.966806	26.946138	0.050987175	0.0223975	0.0024811901	0.0048873925	-0.0146253785	-0.0827310307	-0.020256061	-0.0771739538	0.019228592	-0.0616923404	-0.0018719896	-0.1221671685	0.061794776	0.0619639668	0.0550579399	0.0156348974	0.0116383815	-0.1145906497	-0.0729102804	-0.0022225787	0.0013828441	-0.1435938473	-0.0346779786	-0.0042481766	0.0526291325	0.0233198732	0.0194588	0.0090777999999999	0.0003786448974399	8.240645283999998e-05	0.146093	0.003282	0.021343164649	1.0771524000000048e-05	-0.391486	-0.015662	0.153261288196	0.000245298244	-0.00274002	-0.00020509	7.5077096004e-06	4.2061908100000094e-08	0.000825162	-0.000168651	2.8443159801000012e-08	6.80892326244e-07	-5.97184e-05	-8.556650000000001e-05	3.56628729856e-09	7.321625922250001e-09	0.0	0.0	0.0	0.0	0.0	0.0	0.0	0.0	0.0	0.0	0.0	0.0	0.0	0.0	0.0	0.0
62556.34754725623	24.43566840566928	597.1018904318237	3913296618.45311	105366.69026362232	622.9202465696435	11102139417.110125	388029.6335863855	60921.897442324494	151.357935594031	3711477587.973104	22909.22466728684	73627.93402884615	57732.76543068825	0.97653	27.217138	0.20226315	0.12537	0.0010068183	0.0273242485	0.0102243622	-0.0661869776	-0.0249162044	-0.1134239313	0.0612164528	0.0168536867	0.0321156096	-0.0460445888	0.1441488222	-0.0524692961	-0.0529303671	0.0452492269	-0.1854234364	-0.0115295874	-0.0037260267	0.0367004363	-0.0088084334	-0.0881568421	-0.068897957	-0.0065787579	-0.0418491442	0.0181672091	0.0322971	0.0128383	0.00104310266841	0.00016482194689	0.177839	0.0317459999999999	0.031626709921	0.0010078085159999	-0.387168	0.0043179999999999	0.149899060224	1.86451239999999e-05	-0.000670049	0.002069971	4.48965662401e-07	4.284779940841001e-06	-0.000172084	-0.000997246	9.94499584516e-07	2.9612903056e-08	-5.97184e-05	0.0	3.56628729856e-09	0.0	0.0	0.0	0.0	0.0	0.0	0.0	0.0	0.0	0.0	0.0	0.0	0.0	0.0	0.0	0.0	0.0
62509.65072718779	-46.696820068435045	2180.593004503798	3907456434.0350094	107070.87997947732	1704.1897158549982	11464173339.579638	2904262.5876259394	60714.98885701239	-206.90858531210688	3686309871.9071374	42811.16267585741	74074.45032391827	58544.18733091542	0.969219	27.013391	0.06256745	0.0327997	-0.0026735739	0.0238028214	0.0475310363	0.0771734944	-0.174609223	0.0260287992	0.0169126366	-0.0974037243	0.0405459198	0.0397903053	0.124456251	0.0633280244	0.1928936794	0.0797909965	0.014867289	-0.1004098069	-0.2258309561	0.0222254557	-0.1185429436	-0.000521592	0.0886769411	-0.1552485522	0.2122256433	0.012992411	0.0299901	-0.002307	0.0008994060980099	5.322249000000016e-06	0.168887	-0.0089519999999999	0.028522818769	8.013830399999979e-05	-0.378909	0.008259	0.143572030281	6.821108100000027e-05	-0.000274852	0.000395197	7.554362190400002e-08	1.56180668809e-07	0.000293708	0.000465792	2.1696218726400002e-07	8.6264389264e-08	-5.97184e-05	0.0	3.56628729856e-09	0.0	0.0	0.0	0.0	0.0	0.0	0.0	0.0	0.0	0.0	0.0	0.0	0.0	0.0	0.0	0.0	0.0
62602.282034714925	92.63130752713188	8580.559134186076	3919045715.953991	105129.37058811866	-1941.5093913586609	11052184560.253988	3769458.716733877	60677.23094524301	-37.757911769374914	3681726355.182357	1425.6599011839007	73551.44665745192	57134.87083652669	1.089488	30.365425	0.15015976	0.0840444	0.0422810897	0.0016107238	0.0133700429	-0.0987418408	0.0657067685	-0.0793440332	0.0028131267	-0.1591230815	0.0380210514	-0.0675058189	0.0626070267	0.0783691566	-0.2477301075	-0.1650966191	-0.0054273209	-0.0888736154	-0.0390411393	0.0075572341	0.006364914	-0.1646468028	0.0529724678	0.0924875566	0.0208778914	0.0078017837	0.0278116	-0.0021785	0.0007734850945599	4.74586225e-06	0.142099	-0.026788	0.020192125801	0.000717596944	-0.319539	0.0593699999999999	0.102105172521	0.0035247968999999	-0.00106941	-0.000794558	1.1436377481000002e-06	6.31322415364e-07	-5.30476e-05	-0.0003467556	1.2023944613136e-07	2.8140478657599996e-09	3.54332e-05	9.51516e-05	1.2555116622399996e-09	9.05382698256e-09	0.0	0.0	0.0	0.0	0.0	0.0	0.0	0.0	0.0	0.0	0.0	0.0	0.0	0.0	0.0	0.0
62654.747568489234	52.46553377430973	2752.632234223235	3925617392.871108	105506.98619180282	377.6156036841567	11131724135.277271	142593.5441457501	60596.34932893901	-80.88161630400282	3671917551.9948072	6541.835855947935	73416.09053185096	57530.411871697535	1.003022	27.955503	0.15456124	0.102356	-0.0043091657	0.0040358241	0.0007589398	-0.0581373218	0.0460632209	-0.1525830463	-0.0360751846	-0.1107201333	0.0050658529	-0.1411895664	0.058013186	-0.0691831374	0.0424601754	0.007637328	-0.0830030313	0.1577983636	0.0190236879	-0.0164513295	0.0294852881	-0.1452953536	0.0129095522	-0.0414950558	-0.1569060388	0.0026016511	0.0191651	-0.0086464999999999	0.00036730105801	7.476196224999996e-05	0.155256	0.013157	0.024104425536	0.000173106649	-0.415901	-0.096362	0.172973641801	0.009285635044	-0.000772091	0.000297319	5.961245122810001e-07	8.8398587761e-08	0.000129016	0.0001820635999999	3.3147154444959995e-08	1.6645128256e-08	-0.000213099	-0.0002485322	4.541118380099999e-08	6.176825443683999e-08	0.0	0.0	0.0	0.0	0.0	0.0	0.0	0.0	0.0	0.0	0.0	0.0	0.0	0.0	0.0	0.0
62856.75970982354	202.01214133430767	40808.9052464723	3950972241.218496	106503.71374821542	996.727556412603	11343041042.16181	993465.8217122388	60668.04782054082	71.69849160181184	3680612026.355428	5140.673697975083	73608.32128966346	60066.23974171548	1.035743	28.867477	0.07797834	0.0405675	-0.0240364468	-0.0572858669	0.0129466301	0.0199152366	-0.1463992819	-0.1022259479	-0.0204047509	-0.0710947047	-0.0331213702	-0.1076754443	0.0392709596	-0.1080821428	0.1308894681	-0.0198110325	-0.1384687274	-0.0971770824	0.0533899374	0.0008287043	0.0113364905	-0.0315162471	0.0375660698	-0.1840891889	0.0456861168	-0.0026016511	0.0167566	-0.0024085	0.00028078364356	5.800872250000005e-06	0.171158	0.015902	0.029295060964	0.000252873604	-0.39061	0.025291	0.1525761721	0.000639634681	-0.00120581	-0.000433719	1.4539777561000002e-06	1.8811217096100008e-07	0.000159687	3.067099999999999e-05	9.407102409999995e-10	2.5499937969e-08	1.00478e-05	0.0002231468	1.0095828484e-10	4.979449435024e-08	0.0	0.0	0.0	0.0	0.0	0.0	0.0	0.0	0.0	0.0	0.0	0.0	0.0	0.0	0.0	0.0
62753.65302339389	-103.10668642965176	10630.988786502532	3938020967.780513	106323.52844919892	-180.18529901650615	11304692701.887611	32466.741981667743	60835.57895141756	167.53113087674137	3700967666.35416	28066.679812839848	73748.76697836538	58418.16781780396	1.075072	29.963634	0.12382769	0.0681185	0.0262936706	-0.0459931321	0.0361854581	-0.0054382575	-0.0015159147	-0.0373970451	0.0353469584	-0.0759120318	0.0030906887	-0.108787755	0.0948198103	-0.0638686836	0.0661733872	-0.184084189	0.2150240627	0.0580679775	0.0823814227	0.0255741713	-0.0107992825	-0.0701507985	0.0011195608	-0.0108718589	0.0909216071	-0.0078017837	0.0122682	-0.0044884	0.00015050873124	2.014573456e-05	0.142119	-0.029039	0.0201978101609999	0.000843263521	-0.327855	0.062755	0.107488901025	0.003938190025	-0.000982189	0.000223621	9.646952317210002e-07	5.000635164100001e-08	-8.747899999999998e-05	-0.0002471659999999	6.109103155599999e-08	7.652575440999997e-09	-7.0071e-05	-8.01188e-05	4.909945041e-09	6.419022113439999e-09	0.0	0.0	0.0	0.0	0.0	0.0	0.0	0.0	0.0	0.0	0.0	0.0	0.0	0.0	0.0	0.0
62751.38670313371	-2.26632026018342	5.136207521717845	3937736533.166226	106242.26446997936	-81.26397921955504	11287418759.709038	6603.834318596273	60778.18405783434	-57.394893583223165	3693987657.367988	3294.1738094295115	73711.98115625	58847.96197327338	0.90303	25.168602	0.105940525	0.0598473	0.0151255892	-0.0302065387	0.0472884748	-0.0586064877	0.070367561	-0.1161614545	0.027235941	-0.068733536	-0.0617472031	0.0591486187	0.1484181616	-0.0438460444	0.1078856601	0.0107322816	-0.2256197941	-0.0167691765	0.1284448492	0.0381638526	0.032866702	-0.0653595232	0.0182786859	0.0130638662	-0.0537180939	-0.012992411	0.0113978	-0.0008704	0.0001299098448399	7.575961600000006e-07	0.186983	0.044864	0.034962642289	0.002012778496	-0.310478	0.017377	0.0963965884839999	0.000301960129	-0.000307025	0.000675164	9.4264350625e-08	4.5584642689600003e-07	-0.000250241	-0.000162762	2.6491468644000012e-08	6.2620558081e-08	-5.14145e-05	1.86565e-05	2.64345081025e-09	3.4806499225e-10	0.0	0.0	0.0	0.0	0.0	0.0	0.0	0.0	0.0	0.0	0.0	0.0	0.0	0.0	0.0	0.0
62634.31655397138	-117.07014916232583	13705.41982488922	3923057610.1830935	107507.2075963674	1264.9431263880397	11557799685.168436	1600081.1129963482	60742.64358074571	-35.54047708863072	3689668749.177508	1263.1255116874854	74037.95248557693	57137.4652363348	1.151219	32.085945	0.1368636449999999	0.0948146	0.0849141873	-0.0351997446	0.0950829589	0.0654860047	-0.1104492512	0.075547081	0.0248050979	-0.1191507706	-0.017981309	0.1566750302	0.0710628737	-0.1103928057	0.1272292954	-0.0836670478	-0.076434708	-0.1510612558	0.0021608427	0.0654009984	-0.054194229	0.0593859832	0.1738635518	-0.1175550994	0.1189378839	-0.0181672091	0.00799293	-0.0034048699999999	6.38869299849e-05	1.1593139716899992e-05	0.175302	-0.0116809999999999	0.030730791204	0.0001364457609999	-0.223066	0.0874119999999999	0.0497584403559999	0.0076408577439999	-0.000726278	-0.000419253	5.27479733284e-07	1.75773078009e-07	-0.000318494	-6.8253e-05	4.658472009e-09	1.01438428036e-07	-0.000251224	-0.0001998094999999	6.311349817599998e-08	3.9923836290249995e-08	0.0	0.0	0.0	0.0	0.0	0.0	0.0	0.0	0.0	0.0	0.0	0.0	0.0	0.0	0.0	0.0
62894.1798781763	259.8633242049182	67528.94726683041	3955677862.5483966	105778.7420040847	-1728.4655922826933	11189142259.966717	2987593.303705161	60463.69774211801	-278.9458386276965	3655858744.650207	77810.7808877089	74073.30148737981	59049.58200774287	1.626949	45.345161	0.5090042699999999	0.325869	-0.0288620895	-0.0113065016	-0.0233695894	0.0396786323	-0.0181189749	-0.1657368784	-0.0736521652	-0.0695078682	0.1964283534	0.069608693	0.0777488801	-0.0651619502	-0.0124346173	-0.2622754575	0.0116475474	-0.0529823174	0.0440085844	-0.1038459251	-0.194636562	-0.160543575	0.0419886394	0.1848964834	-0.0674311661	-0.0233198732	0.0216337	0.0136407699999999	0.0004680169756899	0.0001860706061928	0.179989	0.0046869999999999	0.032396040121	2.196796899999997e-05	-0.546384	-0.323318	0.2985354754559999	0.1045345291239999	-0.00168769	-0.0009614119999999	2.8482975361e-06	9.24313033744e-07	0.00168816	0.002006654	4.026660275716e-06	2.8498841856e-06	0.00012788	0.000379104	1.6353294400000002e-08	1.4371984281600004e-07	0.0	0.0	0.0	0.0	0.0	0.0	0.0	0.0	0.0	0.0	0.0	1.0	0.0	0.0	0.0	0.0
62996.70945353699	102.52957536069152	10512.313823643724	3968585401.9733567	106121.36402978268	342.6220256979723	11261743903.541653	117389.85249338196	60658.0560350818	194.35829296378503	3679399761.9551234	37775.1460437965	73171.73054807693	58878.28664235963	1.657025	46.183414	0.4680545899999999	0.303219	0.0313299514	-0.0772761711	0.0507350334	-0.0156173648	0.1244184356	0.0227464479	-0.0175625063	-0.2055728989	-0.0626953814	-0.0839927606	-0.1315145366	-0.1867744938	-0.0388406282	-0.0170700588	0.0234549477	0.0206447084	-0.039909194	0.042137483	0.1529701262	-0.0166878803	0.168238675	-0.1914049146	-0.0980870844	-0.0284441256	0.0246396	0.0030059	0.00060710988816	9.035434810000014e-06	0.205471	0.0254819999999999	0.042218331841	0.0006493323239999	-0.243362	0.303022	0.059225063044	0.091822332484	-0.000607442	0.0010802479999999	3.689857833640001e-07	1.1669357415039996e-06	0.000125064	-0.001563096	2.443269105216e-06	1.5641004096000003e-08	4.03302e-05	-8.75498e-05	1.62652503204e-09	7.66496748004e-09	0.0	0.0	0.0	0.0	0.0	0.0	0.0	0.0	0.0	0.0	0.0	0.0	1.0	0.0	0.0	0.0
62963.99225085066	-32.71720268633362	1070.415351618636	3964464320.1651816	105714.1665633923	-407.197466390382	11175485012.19265	165809.77663474632	60492.9691967122	-165.08683836959972	3659399322.23437	27253.664202870343	73501.27403545674	58568.68442040891	1.446424	40.313698	0.2339750749999999	0.174261	-0.0104262523	-0.0637660534	-0.0420995805	0.0005954638	-0.1172995544	-0.2065252848	-0.074377792	-0.143963215	0.1556792777	-0.0335363472	0.1133169279	-0.1256392637	-0.2135142802	-0.0536743333	0.1477723288	-0.1243435654	0.1666305601	-0.0843901509	-0.0951484255	-0.170297565	0.0302056327	0.0196538761	0.0922046701	-0.0335337233	-0.021288	-0.0459276	0.000453178944	0.00210934444176	0.19807	-0.0074009999999999	0.0392317249	5.477480099999986e-05	-0.409446	-0.1660839999999999	0.1676460269159999	0.0275838950559999	-0.000461112	0.00014633	2.12624276544e-07	2.141246890000001e-08	2.05234e-05	-0.0001045406	1.0928737048360005e-08	4.2120994756e-10	8.070909999999998e-05	4.037889999999998e-05	6.513958822809997e-09	1.6304555652099982e-09	0.0	0.0	0.0	0.0	0.0	0.0	0.0	0.0	0.0	0.0	0.0	0.0	0.0	0.0	0.0	0.0
63231.70545009557	267.713199244914	71670.35704994702	3998248574.127646	105785.30870776493	71.14214437262854	11190531538.397123	5061.204705935922	60719.1046547411	226.1354580289044	3686809670.0734015	51137.24537794238	73122.85330709134	60479.6635012476	1.376645	38.368855	0.21191117	0.114681	-0.0233401319	-0.1144628145	0.0278156513	-0.0555015235	0.1759798077	-0.118198782	-0.022289436	-0.1030747715	0.0173241985	-0.1686332473	-0.1077295079	-0.2664068522	-0.1225179324	0.0151939728	-0.059242118	0.1771581956	0.0417332859	0.0181896828	0.1429886328	-0.0988902168	0.0371637986	-0.0921191943	-0.2800641792	-0.0385824652	0.0241945	0.0454825	0.00058537383025	0.00206865780625	0.127749	-0.070321	0.016319807001	0.0049450430409999	-0.37216	0.0372859999999999	0.1385030656	0.0013902457959999	-0.00159857	-0.0011374579999999	2.5554260449e-06	1.2938107017639995e-06	1.65483e-05	-3.975100000000002e-06	1.5801420010000015e-11	2.7384623288999995e-10	4.57088e-05	-3.5000299999999984e-05	2.0892943974399998e-09	1.2250210000899988e-09	0.0	0.0	0.0	0.0	0.0	0.0	0.0	0.0	0.0	0.0	0.0	0.0	0.0	0.0	0.0	0.0
63253.21436449035	21.508914394777094	462.6333984418493	4000969127.440168	105319.0300925008	-466.27861526412016	11092098099.62509	217415.7470526254	60796.76624047014	77.66158572903805	3696246785.29837	6031.321897948727	73178.93359495193	59277.36050563587	1.200537	33.46051	0.1053942199999999	0.0548383	0.0011719112	-0.1341704665	-0.0261725867	-0.0456536244	0.0274364118	-0.1568470872	-0.0044027175	-0.0228011584	-0.0064675424	-0.2087440095	-0.0118470085	-0.2680018664	0.0967773026	0.2277872231	0.1309843644	-0.1836215859	0.2112102531	0.0071208025	0.0944990527	-0.103030066	-0.0674195965	-0.1169867722	-0.172906381	-0.0435842004	0.0283526	0.0041580999999999	0.0008038699267599	1.7289795609999984e-05	0.154512	0.026763	0.023873958144	0.000716258169	-0.3335	0.0386599999999999	0.11122225	0.0014945955999999	-0.00203259	-0.00043402	4.1314221081e-06	1.8837336040000006e-07	-0.000146102	-0.0001626503	2.6455120090090007e-08	2.1345794404000006e-08	-7.38833e-05	-0.0001195921	5.458742018890001e-09	1.430227038241e-08	0.0	0.0	0.0	0.0	0.0	0.0	0.0	0.0	0.0	0.0	0.0	0.0	0.0	0.0	0.0	0.0
63837.81018822418	584.5958237338345	341752.2771270405	4075266009.6277394	106459.46094741434	1140.4308549135312	11333616825.21404	1300582.5348388078	61120.3819190756	323.6156786054562	3735701085.933663	104727.10743926992	73664.75937139423	62538.179862630765	1.193655	33.268711	0.242621725	0.155578	-0.0325029197	-0.2387237731	0.0086275172	0.007901637	0.0180331378	-0.1868463917	0.0613235893	0.1075144403	-0.040574551	-0.152255913	0.0466794613	-0.2331497368	0.014833693	0.1336865676	0.062413672	0.1307773166	0.0453869156	0.0528180426	0.0977596252	0.0475699591	-0.1777724547	-0.1345338721	-0.1367056338	-0.048532835	0.015072	-0.0132805999999999	0.000227165184	0.0001763743363599	0.111486	-0.043026	0.012429128196	0.001851236676	-0.484767	-0.1512669999999999	0.234999044289	0.0228817052889999	-0.00247073	-0.00043814	6.1045067329e-06	1.9196665960000004e-07	6.78448e-05	0.0002139468	4.5773233230240007e-08	4.60291688704e-09	-0.000122759	-4.88757e-05	1.5069772081000006e-08	2.38883405049e-09	0.0	0.0	0.0	0.0	0.0	0.0	0.0	0.0	0.0	0.0	0.0	0.0	0.0	0.0	0.0	0.0
63783.81829390693	-53.991894317252445	2915.124651965357	4068375476.150137	108690.21724797747	2230.756300563138	11813563325.41254	4976273.672502139	61333.61740589263	213.23548681703687	3761812624.092416	45469.37283809871	74688.09586538462	64758.90676455086	1.190838	33.190197	0.17486341	0.116182	-0.0657741514	-0.2727211931	0.0931724338	0.1649279573	-0.0655851044	-0.0430591537	0.131564493	0.2291200983	0.0154024865	0.0811997476	0.1076231396	-0.1679814595	0.1147081695	-0.1571805258	-0.0215364064	-0.0626805743	-0.0909341583	0.1008412518	-0.1070628293	0.1996460427	-0.1724720703	-0.0347028034	0.1161019965	-0.0534223397	0.0358931	0.0208210999999999	0.0012883146276099	0.0004335182052099	0.0932406	-0.0182453999999999	0.00869380948836	0.0003328946211599	-0.374688	0.1100789999999999	0.140391097344	0.0121173862409999	-0.00269809	-0.00022736	7.279689648100001e-06	5.1692569600000106e-08	-0.000127949	-0.0001957938	3.833521211844e-08	1.6370946601e-08	-3.15546e-05	9.12044e-05	9.9569278116e-10	8.31824257936e-09	0.0	0.0	0.0	0.0	0.0	0.0	0.0	0.0	0.0	0.0	0.0	0.0	0.0	0.0	0.0	0.0
63110.38243139096	-673.435862515973	453515.8609226325	3982920370.63642	105596.2368089705	-3093.9804390069767	11150565228.216175	9572714.956957804	61199.11869639454	-134.498709498097	3745332129.2153873	18089.90285665349	74069.53346274038	61101.36663974726	1.405152	39.16338	0.12359173	0.064371	-0.0158442567	-0.1693477294	-0.0421932631	-0.0358471628	0.0163785616	-0.1731117802	0.1004846075	0.2121572828	0.0480114347	0.0361231424	0.0393934554	0.0624162887	-0.0805617569	0.1424063677	-0.0643188377	-0.1460141448	0.109508416	0.0423900266	-0.0610294594	0.0230578817	-0.2657266631	0.0825246588	0.0952420868	-0.0582467576	0.0468553	0.0109622	0.00219541913809	0.00012016982884	0.140177	0.0469363999999999	0.019649591329	0.0022030256449599	-0.373267	0.001421	0.139328253289	2.019241000000016e-06	-0.00209448	0.00060361	4.386846470400001e-06	3.643450321000001e-07	-0.000567975	-0.0004400259999999	1.9362288067599998e-07	3.22595600625e-07	0.000210252	0.0002418066	4.4205903504e-08	5.847043180356e-08	0.0	0.0	0.0	0.0	0.0	0.0	0.0	0.0	0.0	0.0	0.0	0.0	0.0	0.0	0.0	0.0
63028.37836814138	-82.00406324958021	6724.666389441152	3972576479.717592	106482.9386401491	886.7018311786087	11338616221.44176	786240.1374154979	60840.96640476096	-358.15229163357435	3701623193.065252	128273.0640023809	73845.96178004808	60169.04564887616	1.101151	30.690489	0.1163673499999999	0.0605802	-0.017221166	-0.096782206	0.0082534051	-0.0338611774	0.0718966133	-0.2183790108	0.0097251291	0.054690533	-0.0144956994	-0.0318010866	0.1217010887	0.0004166126	-0.0100144009	0.0548364176	-0.146275897	0.0150115544	0.0715844595	-0.000722572	-0.0020972396	-0.0186326156	-0.1185805487	0.0416010435	-0.0359684726	-0.0630002108	0.0479786	0.0011233	0.00230194605796	1.2618028900000015e-06	0.119539	-0.0206379999999999	0.014289572521	0.0004259270439999	-0.408318	-0.035051	0.166723589124	0.001228572601	-0.00135243	0.00074205	1.8290669049e-06	5.506382025000002e-07	-0.000312977	0.000254998	6.5023980004e-08	9.7954602529e-08	0.000404305	0.000194053	1.63462533025e-07	3.7656566809e-08	0.0	0.0	0.0	0.0	0.0	0.0	0.0	0.0	0.0	0.0	0.0	0.0	0.0	0.0	0.0	0.0
63069.95858834083	41.580220199452015	1728.9147118349174	3977819676.335027	107572.907241434	1089.968601284898	11571930372.374165	1188031.5517869566	60682.07119351572	-158.8952112452389	3682313764.334911	25247.688156669094	74138.61594110577	60897.65582593336	1.113693	31.040043	0.101840885	0.0546712	-0.0258150128	-0.0902849098	0.0363481641	0.1079000198	-0.1467258873	0.0169915213	-0.0358674229	0.0061800223	0.1147090476	0.0768497092	-0.1183068816	-0.1708997753	-0.0005830462	-0.1244939714	-0.1442292003	0.2064877493	-0.0372786483	-0.0035371947	-0.076434515	0.1128132671	0.0761659564	-0.1836706822	0.0241723237	-0.0676769079	0.0357516	-0.012227	0.00127817690256	0.000149499529	0.0821323	-0.0374067	0.00674571470329	0.00139926120489	-0.411953	-0.0036349999999999	0.169705274209	1.3213224999999996e-05	-0.00199869	-0.00064626	3.9947617161e-06	4.176519876000001e-07	-8.02423e-05	0.0002327346999999	5.4165440584089995e-08	6.43882670929e-09	0.000311856	-9.244899999999998e-05	9.725416473600001e-08	8.546817600999997e-09	0.0	0.0	0.0	0.0	0.0	0.0	0.0	0.0	0.0	0.0	0.0	0.0	0.0	0.0	0.0	0.0
62885.1615369857	-184.7970513551263	34149.95018954919	3954543541.532786	105555.2591013642	-2017.6481400698103	11141912723.95613	4070904.017127165	60753.00607280416	70.93487928843388	3690927746.882179	5031.7570996646855	73497.74526141827	60820.17891588219	1.296818	36.143997	0.143711635	0.078589	-0.0459524336	-0.0666925875	-0.0245668526	-0.0118076487	0.0145170695	-0.009300085	-0.0314711167	0.0217241131	0.0151243763	-0.1266538777	0.0059010149	0.0054749064	0.00531353	0.0106517866	0.090536686	-0.0779774956	-0.018823512	-0.0133392811	0.0261230957	-0.0179594218	-0.0495320635	-0.0522443987	0.0195821974	-0.0722711511	0.0577118	0.0219602	0.00333065185924	0.00048225038404	0.0902532	0.0081209	0.00814564011024	6.594901681000001e-05	-0.36634	0.045613	0.1342049956	0.002080545769	-0.00299289	-0.0009941999999999	8.9573905521e-06	9.884336399999996e-07	-0.000380319	-0.0003000767	9.004602588289e-08	1.44642541761e-07	0.00037793	6.6074e-05	1.428310849e-07	4.365773476e-09	0.0	0.0	0.0	0.0	0.0	0.0	0.0	0.0	0.0	0.0	0.0	0.0	0.0	0.0	0.0	0.0
62587.254097287325	-297.90743969837786	88748.84262764263	3917164375.438409	105495.01525569084	-60.243845673350734	11129198243.798445	3629.3209415145	60561.09077936388	-191.91529344027367	3667645716.386353	36831.47985626635	73588.40270432692	58547.52244238198	1.167526	32.540451	0.14795355	0.0872773	-0.0091604842	-0.0091723843	-0.0513168615	-0.028238392	0.0118368409	-0.1225158628	-0.0743133935	-0.0248081666	0.1242825199	-0.0384908909	-0.0727522799	-0.0843133543	0.0425961559	0.0265633194	0.1163828083	-0.1567712307	0.0229715431	-0.087818968	-0.0383464241	-0.1196528376	-0.0183447536	0.0292273808	-0.1037705314	-0.0767773431	0.0556454	-0.0020664	0.0030964105411599	4.270008960000012e-06	0.129379	0.0391257999999999	0.0167389256409999	0.0015308282256399	-0.437259	-0.070919	0.191195433081	0.005029504561	-0.00260449	0.0003883999999999	6.7833681601000005e-06	1.5085455999999976e-07	-0.000316611	6.3708e-05	4.058709263999999e-09	1.00242525321e-07	0.000642669	0.000264739	4.13023443561e-07	7.0086738121e-08	0.0	0.0	0.0	0.0	0.0	0.0	0.0	0.0	0.0	0.0	0.0	0.0	0.0	0.0	0.0	0.0
62574.93329790157	-12.32079938575771	151.80209750408756	3915622277.23683	106489.74201152046	994.7267558296152	11340065153.680183	989481.318763311	60640.190535161215	79.09975579733145	3677232708.140656	6256.771367197471	73535.076890625	59525.00681091882	1.213761	33.82909	0.151803895	0.0710208	-0.0524159494	0.0207333269	-0.0049198269	0.066662917	-0.085652634	0.0236686352	-0.0581488879	-0.020807383	0.1154409659	0.0465080755	-0.1679285813	-0.2182906383	0.0385381177	-0.1097739644	-0.179768632	0.1410736519	-0.1642311167	-0.0288546223	0.0070935745	0.0669260164	0.0890262611	-0.2232769369	-0.077652708	-0.0811899937	0.0338051	-0.0218403	0.00114278478601	0.00047699870409	0.084071	-0.0453079999999999	0.007067933041	0.0020528148639999	-0.484333	-0.047074	0.234578454889	0.002215961476	-0.0029421	-0.0003376099999999	8.65595241e-06	1.1398051209999995e-07	-6.85561e-05	0.0002480549	6.153123341401002e-08	4.699938847210001e-09	0.000476702	-0.000165967	2.2724479680400002e-07	2.7545045089e-08	0.0	0.0	0.0	0.0	0.0	0.0	0.0	0.0	0.0	0.0	0.0	0.0	0.0	0.0	0.0	0.0
62452.393457047736	-122.53984085383128	15016.012596482296	3900301448.513899	106099.81002637214	-389.931985148316	11257169687.63226	152046.95304170655	60792.55227773586	152.36174257464154	3695734412.441247	23214.10060038133	73737.57211237981	58741.39572151373	1.084216	30.2185	0.150077695	0.108828	-0.0308406059	0.0480242152	0.0043819852	0.0337005105	-0.0532378355	0.1191027973	-0.0170301438	0.0289244618	0.0853485383	0.040045315	-0.1039447533	0.0019371684	-0.059355957	-0.0109229737	0.1235109791	-0.0132244019	-0.1157082375	-0.0098130228	-0.0391002673	0.0286011448	0.0310329141	-0.0402776342	0.0545682236	-0.0855037268	0.0378479	0.0040427999999999	0.0014324635344099	1.6344231839999992e-05	0.0760085	-0.0080625	0.00577729207225	6.500390625e-05	-0.381376	0.102957	0.145447653376	0.010600143849	-0.00335092	-0.0004088199999999	1.12286648464e-05	1.671337923999999e-07	-0.000295968	-0.0002274119	5.171617226161002e-08	8.759705702400001e-08	0.000540778	6.407599999999999e-05	2.92440845284e-07	4.105733775999998e-09	0.0	0.0	0.0	0.0	0.0	0.0	0.0	0.0	0.0	0.0	0.0	0.0	0.0	0.0	0.0	0.0
62275.81647418079	-176.57698286694358	31179.430878392886	3878277317.525848	104982.56248264993	-1117.2475437222165	11021338425.423496	1248242.073953326	60674.12340424476	-118.42887349109516	3681349250.873522	14025.398076369818	73713.91969471154	56808.65397121517	1.096687	30.566086	0.092746	0.0565819	-0.0171760556	0.0898501007	-0.0695798722	-0.0448765367	0.0127728239	-0.0695379029	-0.0527037911	0.062960568	0.0572646318	-0.0492758746	0.0548921703	0.1051859382	0.0996364547	0.0316894562	0.0503589117	-0.0660441501	0.0862682313	-0.0823363462	-0.058815111	-0.0974790544	-0.0913295633	0.1189976699	-0.0537885479	-0.0897132868	0.0318152	-0.0060326999999999	0.00101220695104	3.639346928999994e-05	0.104798	0.0287894999999999	0.010982620804	0.0008288353102499	-0.426175	-0.044799	0.181625130625	0.002006950401	-0.00316463	0.0001862899999999	1.00148830369e-05	3.4703964099999994e-08	-0.000372174	-7.6206e-05	5.8073544359999995e-09	1.38513486276e-07	0.000540778	0.0	2.92440845284e-07	0.0	0.0	0.0	0.0	0.0	0.0	0.0	0.0	0.0	0.0	0.0	0.0	0.0	0.0	0.0	0.0	0.0
62383.74145753282	107.9249833520298	11647.802031535912	3891731198.240299	106136.4190122343	1153.8565295843728	11264939440.74057	1331384.8908644924	60786.95525184641	112.83184760165022	3695053928.789978	12731.025833202022	73653.76568810096	57107.11524896923	1.112352	31.002686	0.0838580499999999	0.0569743	-0.0033771408	0.0743845725	0.0027906274	0.0078497636	-0.0221737064	0.0059738008	-0.0242540856	0.0401119066	0.0898483379	0.0377573806	-0.0555456511	-0.0713933055	0.1363972363	0.1739060918	-0.0783034467	0.0455903263	0.1247596012	-0.0044687069	0.0036574992	0.0349250513	0.0235007698	-0.0993547571	-0.1325437058	-0.0938135449	0.0314234	-0.0003918	0.0009874300675599	1.5350724000000365e-07	0.0962472	-0.0085507999999999	0.00926352350784	7.311618063999996e-05	-0.371472	0.054703	0.137991446784	0.002992418209	-0.00307411	9.051999999999976e-05	9.4501522921e-06	8.193870399999954e-09	-0.000166605	0.000205569	4.2258613761e-08	2.7757226025000003e-08	0.000648938	0.00010816	4.211205278440001e-07	1.1698585600000013e-08	0.0	0.0	0.0	0.0	0.0	0.0	0.0	0.0	0.0	0.0	0.0	0.0	0.0	0.0	0.0	0.0
62096.55285380629	-287.1886037265285	82477.29411039304	3855981876.325559	106747.24559059725	610.8265783629467	11394974441.179283	373109.1088345851	60533.87381373094	-253.0814381154705	3664349878.896701	64050.214318594735	73910.07818449519	57302.326206901154	1.128254	31.445877	0.08720535	0.0394095	-0.0142723522	0.1027295186	0.0087988452	0.0859987459	-0.1964535519	0.1186703896	-0.0615754798	-0.0821785615	0.1475533181	0.1688936723	-0.1927871502	0.069329616	-0.0175948801	0.1603929997	-0.1417328799	-0.1264101513	-0.1128132734	-0.0445638049	-0.1236593144	0.0381386299	0.1628193651	-0.1279144351	0.1170548143	-0.0977995057	0.043526	0.0121026	0.001894512676	0.00014647292676	0.118442	0.0221948	0.014028507364	0.00049260914704	-0.343581	0.027891	0.118047903561	0.0007779078809999	-0.0028875	0.00018661	8.337656249999998e-06	3.4823292100000095e-08	-0.000372174	-0.000205569	4.2258613761e-08	1.38513486276e-07	0.000540778	-0.00010816	2.92440845284e-07	1.1698585600000013e-08	0.0	0.0	0.0	0.0	0.0	0.0	0.0	0.0	0.0	0.0	0.0	0.0	0.0	0.0	0.0	0.0
61902.22830829534	-194.32454551095	37762.02898803727	3831885869.5323215	105483.53201588277	-1263.7135747144785	11126775526.545765	1596971.9989176458	60541.85678655098	7.98297282004205	3665316423.1632495	63.72785504553013	73398.34708353365	55636.92865349878	1.099391	30.641426	0.0815347999999999	0.0506605	0.0255143771	0.1325800742	-0.0192977589	-0.0502877887	0.0936850327	-0.0298466113	-0.0844050202	-0.0614505396	0.0306738256	-0.011715242	-0.1432306635	0.0363126105	0.2058487984	0.0771942746	0.054817028	0.0447878663	0.0159126774	-0.0572038059	0.0256184956	-0.0771638704	0.0667141714	0.0174145442	-0.1778958684	-0.1016663129	0.0306875	-0.0128385	0.00094172265625	0.00016482708225	0.0998652	-0.0185768	0.00997305817104	0.00034509749824	-0.387591	-0.0440099999999999	0.150226783281	0.0019368800999999	-0.00276531	0.0001221899999999	7.6469393961e-06	1.493039609999997e-08	-0.000372174	0.0	0.0	1.38513486276e-07	0.000540778	0.0	2.92440845284e-07	0.0	0.0	0.0	0.0	0.0	0.0	0.0	0.0	0.0	0.0	0.0	0.0	0.0	0.0	0.0	0.0	0.0
62200.77535499669	298.5470467013438	89130.33909409435	3868936454.762764	104796.95952966373	-686.57248621904	10982402726.661978	471381.7788329939	60579.02306027637	37.16627372538642	3669818034.937496	1381.3319026303488	73199.93427163461	56205.40849417565	1.323724	36.893894	0.16820005	0.106136	-0.016075846	0.1271946817	-0.0365458957	-0.0281976293	0.0035136195	0.1241089999	-0.0808549219	-0.055418982	0.0153134419	-0.0853309035	-0.2155829409	-0.0082825512	-0.081482874	0.0633188974	-0.1657188123	-0.0343400036	-0.037154916	-0.0352768587	0.0831620483	-0.0238805167	0.1010439021	-0.1021334257	-0.1100321872	-0.1054092553	0.0235244	-0.0071630999999999	0.00055339739536	5.1310001609999984e-05	0.0659484	-0.0339168	0.00434919146256	0.0011503493222399	-0.29851	0.089081	0.0891082201	0.007935424561	-0.00339182	-0.0006265099999999	1.15044429124e-05	3.925147800999998e-07	-0.000506447	-0.000134273	1.802923852900001e-08	2.56488563809e-07	0.000540778	0.0	2.92440845284e-07	0.0	0.0	0.0	0.0	0.0	0.0	0.0	0.0	0.0	0.0	0.0	0.0	0.0	0.0	0.0	0.0	0.0
62477.3961383462	276.62078334951366	76519.05778089857	3903425028.2278366	105326.4850541323	529.5255244685686	11093668453.858356	280397.28106371267	60642.05932089819	63.036260621818656	3677459358.679335	3973.570153181845	73428.63125420673	56092.04448952092	1.24556	34.715366	0.1204060499999999	0.067289	0.0241651545	0.0554722742	-0.0304144819	-0.0307594604	-0.0848570733	-0.0042566464	-0.0664108871	-0.0666235502	0.0540294574	-0.0726366377	-0.163824147	-0.0284520804	-0.1274705204	0.1843023809	0.1053370344	-0.1299004564	-0.0082777632	-0.0448636276	0.0237531511	-0.0340970659	0.0723203406	-0.0769737467	0.0215130722	-0.1090237728	0.0268827	0.0033582999999999	0.00072267955929	1.1278178889999987e-05	0.104985	0.0390365999999999	0.011021850225	0.0015238561395599	-0.338414	-0.0399039999999999	0.1145240353959999	0.0015923292159999	-0.00282505	0.0005667699999999	7.9809075025e-06	3.2122823289999984e-07	-0.000372174	0.000134273	1.802923852900001e-08	1.38513486276e-07	0.000601878	6.110000000000002e-05	3.62257126884e-07	3.733210000000003e-09	0.0	0.0	0.0	0.0	0.0	0.0	0.0	0.0	0.0	0.0	0.0	0.0	0.0	0.0	0.0	0.0
62693.756358717445	216.36022037124349	46811.74495909305	3930507086.366224	104848.56174651015	-477.9233076221426	10993220900.311752	228410.6879684892	60953.79766915502	311.738348256833	3715365450.292288	97180.79777389848	73627.1408329327	59151.76610243982	1.118289	31.16815	0.0783232499999999	0.0435744	-0.05286458	0.0183028502	-0.0566350003	-0.0292894746	0.023698265	0.0201506231	0.0186344179	0.0870052483	-0.0592354894	-0.0741016814	0.0636999288	0.0867377882	-0.0536819469	0.0257265534	0.0645026324	-0.0774358295	-0.1394017603	-0.0107240355	0.0142127103	-0.023642956	-0.1041012543	0.0847152336	0.0927707938	-0.1125054616	0.0302274	0.0033447	0.00091369571076	1.1187018090000018e-05	0.108458	0.003473	0.011763137764	1.2061729000000026e-05	-0.368731	-0.0303169999999999	0.135962550361	0.0009191204889999	-0.00245873	0.0003663199999999	6.0453532129e-06	1.3419034239999988e-07	-0.000492732	-0.0001205579999999	1.4534231363999984e-08	2.42784823824e-07	0.000938771	0.000336893	8.81290990441e-07	1.13496893449e-07	0.0	0.0	0.0	0.0	0.0	0.0	0.0	0.0	0.0	0.0	0.0	0.0	0.0	0.0	0.0	0.0
62459.366500712094	-234.3898580053501	54938.60553576818	3901172463.670276	105272.06423005236	423.5024835422082	11082207507.25627	179354.35356641834	60947.970760204895	-5.826908950126381	3714655139.786791	33.95286791306292	73680.76103004807	55959.89563843086	1.274593	35.524544	0.0812358999999999	0.0496139	0.0349581038	0.0445578611	-0.0210920293	-0.0630191421	0.0928666726	-0.0329256225	0.0187588627	0.1001753292	-0.0280826451	-0.088750896	-0.0109835612	0.2505242218	-0.0426554686	0.0616474842	-0.0546834049	-0.0668436576	-0.1598954558	0.0008313927	0.0251526656	-0.0273210265	-0.104090919	0.0887932905	-0.0220655567	-0.1158500799	0.0356975	0.0054700999999999	0.00127431150625	2.9921994009999986e-05	0.109214	0.000756	0.011927697796	5.7153600000001e-07	-0.324516	0.0442149999999999	0.105310634256	0.0019549662249999	-0.00255163	-9.289999999999991e-05	6.5108156569e-06	8.630409999999987e-09	-0.000956901	-0.000464169	2.1545286056100007e-07	9.15659523801e-07	0.000879944	-5.882700000000001e-05	7.74301443136e-07	3.460615929000001e-09	0.0	0.0	0.0	0.0	0.0	0.0	0.0	0.0	0.0	0.0	0.0	0.0	0.0	0.0	0.0	0.0
62924.03570116552	464.66920045342704	215917.4658500272	3959434268.921553	106486.5917150817	1214.5274850293354	11339394215.094503	1475077.0118916824	60783.84713260403	-164.12362760086398	3694676072.239775	26936.56513686708	73578.43327283654	61834.26295019031	2.055028	57.27626	0.7937174099999998	0.522555	-0.1413233355	0.0405218477	-0.0461514466	0.1412133785	-0.0261318973	0.0220905657	-0.0402388066	0.0832091344	-0.0339403599	0.1207947383	0.1079036315	-0.054694945	0.1547429052	0.0904336473	-0.1342774228	0.200872409	-0.2539701318	-0.05224521	0.0130801349	0.1560241384	-0.0292099384	-0.1123158509	-0.0414724644	-0.1190535526	-0.00950271	-0.04520021	9.03014973441e-05	0.002043058984044	0.0902241	-0.0189899	0.00814038822081	0.00036061630201	-0.7663	-0.4417839999999999	0.58721569	0.1951731026559999	0.00151843	0.00407006	2.3056296649e-06	1.6565388403600004e-05	0.000452782	0.001409683	1.9872061604890003e-06	2.05011539524e-07	0.000604821	-0.000275123	3.65808442041e-07	7.569266512900002e-08	0.0	0.0	0.0	0.0	0.0	0.0	0.0	0.0	0.0	0.0	0.0	0.0	0.0	1.0	0.0	0.0
62774.64059586462	-149.39510530090047	22318.89748786714	3940655501.9399743	106243.3142548382	-243.27746024349472	11287641823.852306	59183.922662525154	60545.41766101493	-238.429471589101	3665747599.7467375	56848.612922257926	74016.4358701923	61424.206210011806	1.311753	36.560253	0.24801449	0.128865	-0.1763469242	0.0647057949	-0.1028203629	0.1698996179	-0.0977344314	0.0453356096	-0.1149658903	0.0509406531	0.0634741241	0.1446278952	0.2592885017	0.0278296762	-0.0507035873	0.0084471395	0.1147981742	0.1050869786	0.0227594535	-0.1531818391	-0.1567784882	0.0568124602	-0.0130562112	0.0900291555	0.1197330186	-0.122111977	-0.0110142	-0.00151149	0.00012131260164	2.2846020201000022e-06	0.137822	0.0475979	0.018994903684	0.00226556008441	-0.737352	0.0289479999999999	0.543687971904	0.0008379867039999	-0.0005602	-0.00207863	3.138240399999999e-07	4.3207026769e-06	-0.000214561	-0.0006673429999999	4.453466796489999e-07	4.6036422721e-08	0.00125799	0.000653169	1.5825388401000002e-06	4.266297425610002e-07	0.0	0.0	0.0	0.0	0.0	0.0	0.0	0.0	0.0	0.0	0.0	0.0	0.0	0.0	0.0	0.0
62449.74838933287	-324.8922065317529	105554.94586507116	3899971073.890983	105415.48006474064	-827.8341900975647	11112423437.27973	685309.446294491	60626.78703988643	81.3693788715027	3675607306.779741	6620.975817934151	73674.91296274039	59138.95670767506	1.1232	31.305031	0.09554061	0.0607115	-0.1187690528	0.0636825544	-0.0935731078	0.1135725642	-0.0509671574	0.13076439	-0.0883098127	0.0186332911	0.0450700506	0.1705841625	0.1857807168	-0.0569147081	0.0942280789	-0.1494802895	0.0166659508	0.0923709877	-0.0969831319	-0.10861869	-0.0772994363	0.106007422	0.0208749472	-0.0015059449	0.1508257851	-0.1250216267	-0.00984574	0.0011684599999999	9.69385961476e-05	1.3652987715999991e-06	0.1082	-0.0296219999999999	0.01170724	0.0008774628839999	-0.688303	0.049049	0.473761019809	0.002405804401	-0.000764845	-0.000204645	5.84987874025e-07	4.1879576025000024e-08	-0.000157663	5.6898e-05	3.237382403999999e-09	2.4857621569e-08	0.00131047	5.247999999999993e-05	1.7173316209e-06	2.7541503999999927e-09	0.0	0.0	0.0	0.0	0.0	0.0	0.0	0.0	0.0	0.0	0.0	0.0	0.0	0.0	0.0	0.0
62547.9383127372	98.18992340433032	9641.261058148257	3912244587.173978	105211.25643192814	-204.2236328125	11069408479.98494	41707.29219913483	60754.27310991105	127.48607002462086	3691081701.113661	16252.698050322531	73529.10511658654	59378.58144685532	1.18997	33.165993	0.15241286	0.119437	-0.1099428779	0.0709229851	-0.0861744929	0.0253135663	0.0872636657	-0.0601536016	-0.0486696331	0.0198446098	0.0516676103	0.0465650893	0.2399561435	0.1332787846	-0.2433131939	0.0536312341	0.0372454328	0.0822445225	0.060665727	-0.0775900845	-0.0374976897	-0.0146513971	-0.0664622746	0.0861233103	0.0325809106	-0.1277789568	0.00482547	0.01467121	2.32851607209e-05	0.0002152444028641	0.108311	0.0001109999999999	0.011731272721	1.2320999999999997e-08	-0.573081	0.115222	0.3284218325609999	0.013276109284	-0.00101414	-0.0002492949999999	1.0284799396e-06	6.214799702499999e-08	-0.000189491	-3.1827999999999994e-05	1.0130215839999994e-09	3.5906839081e-08	0.00147752	0.0001670499999999	2.1830653504e-06	2.7905702499999988e-08	0.0	0.0	0.0	0.0	0.0	0.0	0.0	0.0	0.0	0.0	0.0	0.0	0.0	0.0	0.0	0.0
62429.64426777777	-118.29404495943164	13993.481072864031	3897460483.4012775	106249.01032578522	1037.7538938570797	11288852195.208813	1076933.144215531	60764.30002183926	10.026911928209302	3692300157.144095	100.53896281606598	73656.49020673077	56449.96745007105	1.237011	34.477089	0.19929222	0.0986103	-0.054736324	0.0947963833	-0.0287988751	0.0352461327	0.0795279269	-0.0575914807	-0.0364920879	0.0170878719	-0.0151002224	0.0998280415	0.2893775081	-0.0097852858	-0.228562687	-0.0383838648	-0.0381723862	0.0848326681	-0.1004800922	-0.0504741976	-0.0218453701	0.0022714417	-0.0270947342	0.0552135141	-0.0643897164	-0.130380608	-0.0241849	-0.02901037	0.00058490938801	0.0008416015675369	0.0763409	-0.0319701	0.00582793301281	0.00102208729401	-0.5364	0.0366809999999999	0.28772496	0.0013454957609999	-0.001184	-0.0001698599999999	1.401856e-06	2.8852419599999994e-08	0.00113423	0.001323721	1.7522372858409995e-06	1.2864776929e-06	0.000938486	-0.000539034	8.80755972196e-07	2.90557653156e-07	0.0	0.0	0.0	0.0	0.0	0.0	0.0	0.0	0.0	0.0	0.0	0.0	0.0	0.0	0.0	0.0
63123.75567306517	694.1114052874036	481790.6429500543	3984608530.272827	108659.58160989056	2410.5712841053464	11806904675.636469	5810853.915753298	61258.27398844504	493.9739666057794	3752576132.043402	244010.27968424768	74644.51598918269	57611.14134887383	1.679044	46.7971	0.4664352499999999	0.343919	0.0611026275	-0.0044791981	0.1316286507	0.1112128453	0.0696073476	0.0556399072	0.117706445	0.0527765259	0.1020118562	0.1964235059	-0.0245346435	-0.0944075948	-0.060349304	0.2562196247	0.0942268701	0.0802593274	0.0295375772	0.1055745902	-0.0974070268	0.1512092123	0.0261011951	0.0202080541	-0.0732306656	-0.1328234104	-0.0169557	0.0072291999999999	0.00028749576249	5.226133263999997e-05	0.091267	0.0149260999999999	0.008329665289	0.0002227884612099	-0.192617	0.3437829999999999	0.037101308689	0.1181867510889999	-0.000292494	0.0008915059999999	8.555274003600002e-08	7.947829480359998e-07	0.00155253	0.0004183	1.7497489000000015e-07	2.4103494009e-06	0.000238353	-0.0007001329999999	5.6812152609000015e-08	4.901862176889999e-07	0.0	0.0	0.0	0.0	0.0	0.0	0.0	0.0	0.0	0.0	0.0	0.0	0.0	0.0	1.0	0.0
63147.32926122579	23.57358816061605	555.7140587663374	3987585192.825663	107791.46928537436	-868.1123245162016	11619000850.699804	753619.0079769229	61220.33916871823	-37.93481972681184	3747929927.932896	1439.0505477057127	74190.65907572115	57262.90016837572	1.185051	33.028896	0.24334361	0.117467	0.0938526167	-0.0169579516	0.1039414359	-0.0087221146	0.1191438054	0.0314348779	0.0829535366	0.0988378861	-0.1640169394	-0.0458713549	0.0083441576	-0.0271964539	0.1297976821	0.0149009878	-0.1255563975	0.1839787838	0.1738913707	0.0915122009	0.0733249533	0.0997561925	-0.0567307838	0.0600793075	-0.1205135338	-0.135104388	-0.0625534	-0.0455976999999999	0.00391292785156	0.0020791502452899	0.0804796	-0.0107874	0.0064769660161599	0.00011636799876	-0.216788	-0.0241709999999999	0.046997036944	0.0005842372409999	0.000753062	0.001045556	5.67102375844e-07	1.093187349136e-06	2.84468e-05	-0.0015240832	2.3228296005222405e-06	8.0922043024e-10	-0.000447758	-0.000686111	2.0048722656400002e-07	4.70748304321e-07	0.0	0.0	0.0	0.0	0.0	0.0	0.0	0.0	0.0	0.0	0.0	0.0	0.0	0.0	0.0	0.0
63124.26987717553	-23.059384050255176	531.7351927771628	3984673447.52649	107138.8033788071	-652.6659065672575	11478723189.442688	425972.7855952601	61202.01222006036	-18.32694865787198	3745686299.7844176	335.8770471082756	73999.02451442307	59225.71560681976	1.092483	30.448915	0.1088431125	0.0623916	0.0337684968	-0.0728904934	0.0518849835	0.0370973972	-0.0774439709	0.1587172156	0.0734386866	0.1102539449	-0.1765811729	-0.0054422891	-0.0607648509	-0.0287793334	0.0246940737	-0.0731232395	-0.0062187639	0.1426684634	0.1168516568	0.0828293891	0.0723431419	0.1822735701	-0.009811119	-0.0214472928	0.1237500413	-0.1372207617	-0.0520812	0.0104721999999999	0.00271245139344	0.0001096669728399	0.0813792	0.0008996	0.0066225741926399	8.092801600000007e-07	-0.177204	0.039584	0.031401257616	0.001566893056	-7.64115e-06	-0.00076070315	5.838717332250001e-11	5.786692824199225e-07	-8.950929999999998e-05	-0.0001179560999999	1.3913641527209997e-08	8.011914786489997e-09	-0.000726845	-0.000279087	5.283036540250001e-07	7.788955356900004e-08	0.0	0.0	0.0	0.0	0.0	0.0	0.0	0.0	0.0	0.0	0.0	0.0	0.0	0.0	0.0	0.0
62860.20445154909	-264.0654256264388	69730.54901127229	3951405303.690552	105351.15453977633	-1787.6488390307786	11098865762.863834	3195688.3716880907	60974.006196890885	-228.0060231694733	3717829431.698488	51986.746601558414	73849.4954266827	58025.93601868562	1.153482	32.149033	0.1588937274999999	0.0820092999999999	0.0493199068	-0.039840603	-0.0235125655	-0.062313235	0.0841050114	-0.0044927519	0.0217684326	0.0070371254	-0.0300728456	-0.0253563226	-0.0570903446	-0.0336969337	-0.2037028182	-0.2041768195	-0.0405683351	0.0514491655	0.214254736	-0.001221297	0.0121988895	-0.044715611	-0.0541254638	0.1612711527	0.0431579214	-0.1391699531	-0.048925	0.0031561999999999	0.002393655625	9.961598439999986e-06	0.108703	0.0273237999999999	0.0118163422089999	0.0007465900464399	-0.250671	-0.0734669999999999	0.0628359502409999	0.0053974000889999	-0.000444205	-0.0004365638499999	1.97318082025e-07	1.905879951268225e-07	-0.000287861	-0.0001983517	3.934339689289001e-08	8.2863955321e-08	-0.000262826	0.000464019	6.907750627600002e-08	2.1531363236100002e-07	0.0	0.0	0.0	0.0	0.0	0.0	0.0	0.0	0.0	0.0	0.0	0.0	0.0	0.0	0.0	0.0
62788.91395934011	-71.29049220898014	5082.3342793986585	3942447716.193416	105276.7806848826	-74.37385489372537	11083200551.37287	5531.470291752917	60849.922751052254	-124.08344583863072	3702713098.8090262	15396.701531188404	73525.491484375	58085.38146315916	1.012008	28.205952	0.1151277499999999	0.0607062	0.0350928	-0.0100359031	-0.0213555106	-0.0607816049	0.1019321549	0.0040900949	-0.006178304	0.0252709421	-0.1081540816	-0.0386383522	-0.1128100825	0.1264056006	0.0380116082	-0.1602113061	-0.1090189772	0.0157271854	0.0792981607	0.0050502596	0.0966408296	-0.0039343161	-0.0159086565	0.0818081591	-0.0719589134	-0.1409495873	-0.0362738	0.0126512	0.00131578856644	0.00016005286144	0.106057	-0.0026459999999999	0.011248087249	7.001315999999977e-06	-0.211594	0.0390769999999999	0.044772020836	0.0015270119289999	-0.00103374	-0.000589535	1.0686183876e-06	3.47551516225e-07	-0.000486934	-0.000199073	3.963005932900001e-08	2.37104720356e-07	0.000163637	0.000426463	2.6777067769e-08	1.8187069036900002e-07	0.0	0.0	0.0	0.0	0.0	0.0	0.0	0.0	0.0	0.0	0.0	0.0	0.0	0.0	0.0	0.0
62497.12845758415	-291.7855017559632	85138.7790349792	3905891065.443775	106272.0217495836	995.2410647009964	11293742606.743967	990504.7768671731	60766.45642322506	-83.46632782719098	3692562226.235711	6966.627880956115	73665.39365444712	57521.94477334743	1.091223	30.41379	0.1079984	0.0541672	0.0439449616	0.0223695779	0.0079351277	0.0306013638	-0.1138962838	0.1402879071	-0.0204949177	-0.0294681855	-0.0224253125	0.1208066558	-0.1552234291	0.1090408397	0.1695915467	-0.1689817575	-0.0407975849	-0.0600563388	0.077629278	0.004784643	0.0260300673	0.1025789867	0.1330505725	-0.0711537366	0.1169368353	-0.1425574961	-0.040452	-0.0041782	0.001636364304	1.745735524e-05	0.123281	0.017224	0.015198204961	0.000296666176	-0.247143	-0.035549	0.061079662449	0.0012637314009999	-0.00055169	0.00048205	3.043618561e-07	2.3237220250000006e-07	-0.000232167	0.000254767	6.490622428900002e-08	5.3901515889e-08	-0.00012049	-0.000284127	1.4517840099999998e-08	8.072815212900002e-08	0.0	0.0	0.0	0.0	0.0	0.0	0.0	0.0	0.0	0.0	0.0	0.0	0.0	0.0	0.0	0.0
62426.91048229271	-70.21797529143805	4930.564054029005	3897119152.364188	104416.83544674017	-1855.186302843431	10902875524.711613	3441716.218257878	60826.033356992535	59.57693376747193	3699806333.9459686	3549.411037133737	73462.02650060096	57266.593120363206	1.067087	29.741083	0.085413745	0.0553499	0.0409969028	0.0608093635	-0.0330589887	-0.10436958	0.0944677873	0.1169770549	-0.0157380544	-0.0367343465	-0.1885882204	-0.0615940309	-0.1586504834	0.1857962485	-0.0590206554	-0.0737228858	0.0030595263	0.037314163	-0.0236698865	-0.0021010974	0.1015705413	-0.0229442123	0.0391171054	0.1508627449	0.0655631833	-0.1439917206	-0.0433899	-0.0029379	0.00188268342201	8.63125641e-06	0.124826	0.001545	0.015581530276	2.3870250000000142e-06	-0.198365	0.0487779999999999	0.039348673225	0.0023792932839999	-0.000904816	-0.000353126	8.18691993856e-07	1.2469797187600004e-07	-0.000486934	-0.000254767	6.490622428900002e-08	2.37104720356e-07	-8.532609999999998e-05	3.516390000000001e-05	7.2805433412099975e-09	1.2364998632100007e-09	0.0	0.0	0.0	0.0	0.0	0.0	0.0	0.0	0.0	0.0	0.0	0.0	0.0	0.0	0.0	0.0
62364.30639232454	-62.60408996816841	3919.272080742525	3889306711.795732	104750.38277284264	333.54732610247447	10972642691.057049	111253.81875011044	60835.21924634689	9.185889354354003	3700923900.751095	84.3805632304342	73346.34447596154	54762.28480171445	1.057891	29.484774	0.061321295	0.0366166	0.0593507443	0.0863918719	-0.0318050147	-0.0864472873	0.1120566869	0.0523859324	-0.0047711146	-0.0064723495	-0.1515582256	-0.0648763015	-0.1308860094	0.2087425348	0.0664522326	-0.1449672819	-0.0785972057	-0.0038336619	-0.0215151914	0.0004875113	0.1070768485	-0.0487017217	0.0102339925	0.1151864413	-0.0822680055	-0.1452505133	-0.0312387	0.0121512	0.00097585637769	0.00014765166144	0.135111	0.010285	0.018254982321	0.000105781225	-0.22977	-0.0314049999999999	0.0527942529	0.0009862740249999	-0.000795647	0.000109169	6.33054148609e-07	1.1917870561e-08	-0.000486934	0.0	0.0	2.37104720356e-07	-0.000125759	-4.043290000000002e-05	1.5815326081e-08	1.6348194024100012e-09	0.0	0.0	0.0	0.0	0.0	0.0	0.0	0.0	0.0	0.0	0.0	0.0	0.0	0.0	0.0	0.0
62856.876651356	492.5702590314541	242625.46008231372	3950986942.363783	105825.1922489689	1074.809476126262	11198971314.531227	1155215.4099708097	60786.17638431147	-49.04286203542142	3694959239.4246254	2405.20231662538	73799.81248197115	59864.56335069378	1.396926	38.934132	0.3375824999999999	0.231491	-0.0562978422	0.0228235367	-0.0526119498	0.0551513289	-0.1153611188	0.0167045274	-0.0345936574	0.0074376136	-0.0424802065	-0.0127377768	0.0798564586	0.1477096468	0.0137734496	-0.0666436948	-0.0638693816	-0.1325141156	-0.0167231003	-0.0560404601	-0.0482179964	0.0202273195	-0.007187115	-0.0337010545	0.150840777	-0.1463323407	-0.0201081	0.0111306	0.00040433568561	0.00012389025636	0.136764	0.0016529999999999	0.0187043916959999	2.73240899999996e-06	-0.464817	-0.2350469999999999	0.2160548434889999	0.0552470922089999	-0.00162707	-0.000831423	2.6473567849e-06	6.912642049289999e-07	0.00033736	0.0008242939999999	6.794605984359999e-07	1.138117696e-07	-0.00026508	-0.000139321	7.02674064e-08	1.9410341041e-08	0.0	0.0	0.0	0.0	0.0	0.0	0.0	0.0	0.0	0.0	0.0	0.0	0.0	0.0	0.0	0.0
62706.57889033678	-150.29776101921743	22589.4169673898	3932115036.13003	104293.61117693131	-1531.5810720375885	10877157332.324932	2345740.5802238085	60639.962143622935	-146.2142406885323	3677205008.780023	21378.604180124054	73230.5195751202	59191.683087538695	1.019405	28.412136	0.0686435199999999	0.0391995	-0.0820680429	0.0244965841	-0.0888645069	-0.0397849351	0.0682604416	-0.0076290833	-0.0725671808	-0.02896819	0.0294118744	-0.0061170495	-0.0350822741	0.0581112006	-0.1798078563	-0.1092397068	0.0304967198	-0.0971138273	0.0251923015	-0.084762531	0.0148060577	-0.0673487387	0.0088692903	0.1069121846	-0.0065091812	-0.1472358847	-0.0203785	-0.0002704	0.00041528326225	7.311616000000028e-08	0.125193	-0.0115709999999999	0.015673287249	0.0001338880409999	-0.462742	0.0020749999999999	0.214130158564	4.305624999999973e-06	-0.00176123	-0.0001341599999999	3.1019311129e-06	1.7998905599999978e-08	-0.000278093	-0.000615453	3.7878239520900005e-07	7.733571664899999e-08	7.98494e-05	0.0003449294	6.37592668036e-09	1.1897629098436003e-07	0.0	0.0	0.0	0.0	0.0	0.0	0.0	0.0	0.0	0.0	0.0	0.0	0.0	0.0	0.0	0.0
62993.72383466233	287.14494432554784	82452.21905172197	3968209242.557704	105799.71264276648	1506.1014658351633	11193579195.291962	2268341.625390828	60946.44380856893	306.4816649459972	3714469012.9110494	93931.01094807049	73438.73825721155	58205.18694479378	1.359884	37.901711	0.30855327	0.211258	0.0260829996	-0.0409697375	0.002197292	-0.0289974924	0.1496377859	0.0752742014	0.0087703582	-0.0034536284	-0.1291287833	-0.0802020419	-0.0595590138	0.0139187246	-0.0333959248	0.0319335352	0.0977882612	0.0690572181	-0.0318075339	0.0289859643	0.129117433	0.0312050975	0.0081696691	-0.0146799763	-0.0953517612	-0.1479600444	-0.00765085	0.01272765	5.85355057225e-05	0.0001619930745225	0.0795097	-0.0456832999999999	0.00632179239409	0.0020869638988899	-0.256527	0.2062149999999999	0.065806101729	0.0425246262249999	-0.00177905	-1.781999999999999e-05	3.1650189025e-06	3.175523999999996e-10	-0.00079389	-0.000515797	2.66046545209e-07	6.302613321e-07	-0.00026508	-0.0003449294	7.02674064e-08	1.1897629098436003e-07	0.0	0.0	0.0	0.0	0.0	0.0	0.0	0.0	0.0	0.0	0.0	0.0	0.0	0.0	0.0	0.0
63041.228163445696	47.50432878336869	2256.661253158391	3974196448.355619	105053.92282181948	-745.7898209470004	11036326700.252804	556202.4570281589	60711.17964282878	-235.26416574015457	3685847333.623828	55349.22768141092	73309.19124038462	59112.89926441952	1.055486	29.417738	0.28459385	0.157703	-0.0379354543	-0.0651203928	-0.0724481117	-0.0069066256	-0.034726135	-0.0255122449	-0.0617244628	0.0060086265	-0.0463879176	-0.1104949916	-0.0254233959	0.0344515322	0.0069100967	0.010393851	0.045989364	-0.0882097737	0.0997246187	-0.0541801009	0.0743118493	-0.0232264064	-0.0351879901	-0.0668427651	-0.0361265578	-0.1485039376	-0.0378332	-0.0301823499999999	0.0014313510222399	0.0009109742515224	0.107715	0.0282053	0.011602521225	0.00079553894809	-0.40165	-0.145123	0.1613227225	0.021060685129	-0.00143178	0.00034727	2.0499939684e-06	1.205964529e-07	-0.00013485	0.00065904	4.343337216000001e-07	1.81845225e-08	0.000350274	0.000615354	1.2269187507599997e-07	3.7866054531600004e-07	0.0	0.0	0.0	0.0	0.0	0.0	0.0	0.0	0.0	0.0	0.0	0.0	0.0	0.0	0.0	0.0
63572.21860675097	530.9904433052725	281950.8508815298	4041426978.584534	107481.61687767688	2427.694055857399	11552297966.639715	5893698.428845347	61167.35467707671	456.1750342479354	3741445278.1912985	208095.66187110505	74399.35790564904	62163.21366703806	1.157093	32.249664	0.19543985	0.151547	-0.0272397618	-0.1706494957	0.0464308196	0.1059281182	-0.0113762383	0.0793210912	0.0631370751	0.1379769543	-0.0404547497	0.0638960862	-0.0701149503	-0.0224930947	0.0204126671	0.0055847809	0.3601197288	-0.0490348572	-0.1254568741	0.0421740515	-0.0470758754	0.1522175483	-0.071388361	0.0372635339	0.1153314991	-0.1488669016	-0.024416	0.0134171999999999	0.000596141056	0.0001800212558399	0.0996559	-0.0080591	0.00993129840481	6.494909280999999e-05	-0.251208	0.150442	0.0631054592639999	0.022632795364	-0.00152043	-8.865000000000001e-05	2.3117073848999995e-06	7.858822500000002e-09	-0.000469298	-0.000334448	1.11855464704e-07	2.20240612804e-07	0.000302941	-4.733299999999999e-05	9.1773249481e-08	2.240412888999999e-09	0.0	0.0	0.0	0.0	0.0	0.0	0.0	0.0	0.0	0.0	0.0	0.0	0.0	0.0	0.0	0.0
63508.19022960511	-64.02837714585621	4099.633079932002	4033290226.2397103	108636.52606480011	1154.9091871232376	11801894795.427994	1333815.2305016576	61629.898559104986	462.5438820282725	3798244396.405571	213946.84280178449	74797.15809375	58629.15840869516	1.69267	47.176891	0.377989374	0.259745	0.1316578007	-0.1819730134	0.1563587449	0.0613589289	0.1835467139	0.1085920051	0.2040760482	0.2042838676	-0.0731024992	0.1995024451	0.0044664272	-0.0710882266	0.0087360001	0.1699516302	0.1241622254	-0.0570776093	-0.0251709396	0.1742153367	-0.0317574933	0.2396176954	-0.0801127296	0.2137151229	-0.0192497802	-0.1490484942	0.00282472	0.02724072	7.979043078400001e-06	0.0007420568261184	0.030046	-0.0696099	0.000902762116	0.00484553817801	0.000268704	0.251476704	7.220183961599998e-08	0.0632405326547036	-0.0011022	0.0004182299999999	1.21484484e-06	1.7491633289999995e-07	-0.00045199	1.7308000000000004e-05	2.995668640000001e-10	2.042949601e-07	0.000460644	0.000157703	2.1219289473600002e-07	2.4870236209000012e-08	0.0	0.0	0.0	0.0	0.0	0.0	0.0	0.0	0.0	0.0	0.0	0.0	0.0	0.0	0.0	1.0
